ClassName;Faulty;CyclomaticComplexity;SourceLinesOfCode;CommentDensity;WeightedMethodsPerClass;DepthOfInheritance;NumberOfChildren;CouplingBetweenObjects;ResponseForAClass;LackOfCohesionOfMethods;LambdaScore;LambdaCount;SourceLinesOfLambda;LambdaUsed;LambdaFieldVariableUsageCount;LambdaFieldVariableUsed;LambdaLocalVariableUsageCount;LambdaLocalVariableUsed;UnterminatedCollections;LambdaSideEffectCount
MonoCecilDebugInfoProvider;0;14;74;0;6;0;0;0;28;0;1;1;1;0;0;0;0;0;0;0
AboutPage;1;23;235;6;23;1;0;10;113;28;0;1;1;0;0;0;0;0;1;0
AnalyzerScope;0;36;142;3;40;0;0;17;44;13;2;3;3;0;0;0;3;0;2;0
AttributeAppliedToAnalyzer;0;31;172;1;36;0;0;3;64;13;7;14;14;0;0;0;0;0;0;0
EventImplementsInterfaceAnalyzer;0;9;30;0;11;0;0;3;12;3;6;2;2;0;0;0;4;0;0;0
EventOverriddenByAnalyzer;0;11;31;0;13;0;0;3;11;3;8;2;3;0;0;0;0;0;0;0
MethodImplementsInterfaceAnalyzer;0;9;30;0;11;0;0;3;12;3;6;2;2;0;0;0;4;0;0;0
MethodOverriddenByAnalyzer;0;11;33;0;13;0;0;3;11;3;10;2;4;0;0;0;0;0;0;0
MethodVirtualUsedByAnalyzer;0;26;81;0;29;0;0;4;26;6;1;1;1;0;0;0;0;0;1;0
MethodUsedByAnalyzer;0;33;107;1;38;0;0;4;32;13;0;1;1;0;0;0;0;0;1;0
MethodUsesAnalyzer;0;19;92;1;21;0;0;3;27;4;1;1;1;0;0;0;1;0;0;0
PropertyImplementsInterfaceAnalyzer;0;9;30;0;11;0;0;3;12;3;6;2;2;0;0;0;4;0;0;0
PropertyOverriddenByAnalyzer;0;11;31;0;13;0;0;3;11;3;8;2;3;0;0;0;0;0;0;0
TypeExposedByAnalyzer;0;24;84;0;30;0;0;5;23;6;0;0;0;0;0;0;0;0;0;0
TypeInstantiatedByAnalyzer;0;30;86;1;34;0;0;4;28;10;1;1;1;0;0;0;0;0;1;0
TypeUsedByAnalyzer;0;49;123;0;53;0;0;4;47;10;0;0;0;0;0;0;0;0;0;0
TypeDefinitionUsedVisitor;0;3;23;0;4;1;0;2;6;1;0;0;0;0;0;0;0;0;0;0
AnalyzerContext;0;4;22;21;5;0;0;19;5;1;0;0;0;0;0;0;0;0;0;0
ExportAnalyzerAttribute;0;1;9;0;0;2;0;16;1;0;0;0;0;0;0;0;0;0;0;0
AnalyzerTreeView;0;18;111;0;21;11;0;12;49;15;0;1;1;0;0;0;1;0;0;0
AnalyzedAccessorTreeNode;0;2;13;0;0;4;0;1;4;0;0;0;0;0;0;0;0;0;0;0
AnalyzedEventTreeNode;0;9;41;6;10;3;0;4;20;1;2;1;1;0;0;0;0;0;0;0
AnalyzedMethodTreeNode;0;3;24;0;3;3;1;5;11;0;4;1;1;0;0;0;0;0;0;0
AnalyzedPropertyTreeNode;0;5;28;9;5;3;0;4;15;0;3;1;1;0;0;0;0;0;0;0
AnalyzedModuleTreeNode;0;3;22;0;3;3;0;3;9;0;4;1;1;0;0;0;0;0;0;0
AnalyzedTypeTreeNode;0;3;22;0;3;3;0;4;11;0;4;1;1;0;0;0;0;0;0;0
App;1;15;123;4;16;2;0;32;53;13;10;1;15;0;0;0;5;0;1;1
AssemblyList;1;5;88;24;10;0;0;21;38;0;1;1;1;0;0;0;0;0;0;0
AssemblyListManager;0;14;94;6;18;0;0;5;47;3;2;2;2;0;0;0;0;0;0;0
TextMarkerService;0;36;179;2;43;2;0;3;79;0;6;1;13;0;0;0;8;0;0;0
TextMarker;0;9;92;0;4;1;0;2;15;1;0;0;0;0;0;0;0;0;0;0
CheckForUpdatesCommand;0;1;8;0;1;1;0;5;5;0;0;0;0;0;0;0;0;0;0;0
BrowseBackCommand;0;1;8;0;0;1;0;3;3;0;0;0;0;0;0;0;0;0;0;0
BrowseForwardCommand;0;1;8;0;0;1;0;3;3;0;0;0;0;0;0;0;0;0;0;0
CommandLineArguments;0;11;35;2;0;0;0;3;14;0;0;0;0;0;0;0;0;0;0;0
DisassembleAllCommand;0;4;38;0;5;1;0;8;31;1;59;3;55;0;0;0;28;0;0;2
ExitCommand;0;1;8;0;1;1;0;4;5;0;0;0;0;0;0;0;0;0;0;0
CommandWrapper;0;2;29;0;4;0;6;9;6;0;0;0;0;0;0;0;0;0;0;0
ILSpyCommands;0;1;4;0;0;0;0;1;1;0;0;0;0;0;0;0;0;0;0;0
OpenListCommand;0;2;11;0;2;1;0;5;7;0;0;0;0;0;0;0;0;0;0;0
Pdb2XmlCommand;0;6;31;0;8;1;0;9;20;1;45;4;26;0;0;0;22;0;1;0
Pdb2XmlCommandContextMenuEntry;0;4;15;0;6;0;0;5;7;3;6;1;1;0;0;0;1;0;0;0
RemoveAssembliesWithLoadErrors;0;6;17;0;7;1;0;8;11;1;5;1;1;0;0;0;0;0;0;0
ShowCFGContextMenuEntry;0;4;22;0;6;0;0;3;8;0;0;0;0;0;0;0;0;0;0;0
ShowDebugSteps;0;1;8;0;1;1;0;4;4;0;0;0;0;0;0;0;0;0;0;0
SortAssemblyListCommand;0;1;14;0;2;1;0;7;10;1;0;0;0;0;0;0;0;0;0;0
CollapseAllCommand;0;3;19;0;3;1;0;5;9;0;0;0;0;0;0;0;0;0;0;0
BoolToVisibilityConverter;0;5;17;0;6;0;0;0;2;0;0;0;0;0;0;0;0;0;0;0
CustomDialog;0;10;109;14;7;6;0;1;30;1;0;0;0;0;0;0;0;0;0;0
GridViewColumnAutoSize;0;10;54;3;13;0;0;2;18;4;1;1;1;0;0;0;1;0;0;0
ControlColor;0;5;28;17;4;1;0;0;8;0;0;0;0;0;0;0;0;0;0;0
ResourceObjectTable;0;4;31;3;6;8;0;0;10;3;0;0;0;0;0;0;0;0;0;0
DockedPane;0;7;42;0;9;6;0;2;17;3;0;0;0;0;0;0;0;0;0;0
DecompileAllCommand;0;4;38;0;5;1;0;8;28;1;59;3;55;0;0;0;28;0;0;2
Decompile100TimesCommand;0;3;25;0;3;1;0;9;18;0;53;3;29;0;0;0;24;0;0;0
ExportToolbarCommandAttribute;0;1;14;0;0;2;0;7;1;0;0;0;0;0;0;0;0;0;0;0
ExportMainMenuCommandAttribute;0;1;20;0;0;2;0;19;1;0;0;0;0;0;0;0;0;0;0;0
ExtensionMethods;0;5;37;15;4;0;0;0;12;1;0;0;0;0;0;0;0;0;0;0
SearchBox;0;11;97;0;17;8;0;3;38;17;0;0;0;0;0;0;0;0;0;0
SortableGridViewColumn;0;25;146;0;34;3;0;4;55;37;0;0;0;0;0;0;0;0;0;0
ColumnSortDirectionToVisibilityConverter;0;2;11;0;3;0;0;0;4;1;0;0;0;0;0;0;0;0;0;0
CreateListDialog;0;2;25;0;3;8;0;1;6;0;0;0;0;0;0;0;0;0;0;0
PortableDebugInfoProvider;0;9;64;0;10;0;0;0;27;0;0;0;0;0;0;0;0;0;0;0
DebugSteps;0;13;117;0;22;8;0;8;29;19;6;2;8;0;5;0;0;0;0;2
ILSpyTraceListener;0;9;71;11;12;3;0;1;33;1;4;3;3;0;0;0;2;0;0;1
AssertionFailedException;0;1;4;0;0;1;0;0;1;0;0;0;0;0;0;0;0;0;0;0
DecompilationOptions;0;3;39;40;2;0;0;35;11;0;0;0;0;0;0;0;0;0;0;0
ExtensionMethods;0;22;102;17;33;0;0;2;38;15;0;0;0;0;0;0;0;0;0;0
FilterSettings;0;10;104;18;6;0;0;19;35;6;0;1;1;0;0;0;0;0;0;0
Fusion;0;2;24;22;4;0;0;1;6;3;0;0;0;0;0;0;0;0;0;0
GacInterop;0;12;58;35;14;0;0;4;25;3;0;0;0;0;0;0;0;0;0;0
GuessFileType;0;23;100;11;24;0;0;1;13;1;0;0;0;0;0;0;0;0;0;0
TextViewContext;0;6;28;46;6;0;0;17;7;0;0;0;0;0;0;0;0;0;0;0
ExportContextMenuEntryAttribute;0;1;15;6;0;2;0;12;1;0;0;0;0;0;0;0;0;0;0;0
ContextMenuProvider;0;12;99;10;17;0;0;10;36;10;1;2;2;0;0;0;0;0;0;0
CSharpILMixedLanguage;0;12;111;4;3;2;0;3;55;17;1;2;2;0;1;0;0;0;0;0
CSharpLanguage;0;99;532;3;103;1;0;12;294;341;3;4;18;0;0;0;1;0;0;0
LATextReader;0;4;35;0;7;2;0;1;13;0;0;0;0;0;0;0;0;0;0;0
Literal;0;1;22;0;0;0;0;5;1;0;0;0;0;0;0;0;0;0;0;0
AbstractLexer;0;35;191;14;51;0;1;3;53;78;0;0;0;0;0;0;0;0;0;0
Lexer;0;126;506;6;133;1;0;3;200;18;0;0;0;0;0;0;0;0;0;0
CSharpHighlightingTokenWriter;0;85;388;1;92;2;0;0;71;0;0;0;0;0;0;0;0;0;0;0
ILSpySettings;0;10;93;16;12;0;0;14;44;11;0;0;0;0;0;0;0;0;0;0
SmartTextOutputExtensions;0;2;27;10;2;0;0;0;9;0;0;0;0;0;0;0;0;0;0;0
Images;1;32;257;1;5;0;0;34;117;24;0;0;0;0;0;0;0;0;0;0
ILAstLanguage;0;8;95;1;4;1;0;8;49;3;0;0;0;0;0;0;0;0;0;0
ILLanguage;0;11;117;7;18;1;1;6;63;28;0;1;1;0;0;0;0;0;0;0
Language;0;68;405;7;67;0;3;54;215;436;0;0;0;0;0;0;0;0;0;0
Languages;0;1;24;29;2;0;0;7;16;1;7;2;2;0;0;0;0;0;0;0
DecompilerSettingsPanel;0;14;86;0;21;8;0;6;36;28;2;2;2;0;0;0;0;0;2;0
DecompilerSettings;0;4;26;0;4;0;0;2;16;1;13;4;4;0;0;0;0;0;0;0
CSharpDecompilerSetting;0;8;32;0;6;0;0;3;14;1;0;0;0;0;0;0;0;0;0;0
Resources;0;2;1046;37;0;0;0;45;206;0;0;0;0;0;0;0;0;0;0;0
LiteralSearchStrategy;0;67;199;0;64;1;0;5;55;1;0;0;0;0;0;0;0;0;0;0
LoadedAssembly;1;23;151;6;21;0;0;34;53;22;0;0;0;0;0;0;0;0;0;0
LoadedAssemblyExtensions;0;4;33;21;8;0;0;1;19;10;0;0;0;0;0;0;0;0;0;0
LoadedNugetPackage;0;6;43;0;6;0;0;3;22;1;0;0;0;0;0;0;0;0;0;0
Entry;0;3;29;0;3;0;0;3;7;0;0;0;0;0;0;0;0;0;0;0
MemberSearchStrategy;0;35;75;0;35;1;0;3;35;0;0;0;0;0;0;0;0;0;0;0
MetadataTokenSearchStrategy;0;24;58;0;23;1;0;3;22;0;0;0;0;0;0;0;0;0;0;0
NativeMethods;0;16;92;17;25;0;0;3;32;16;0;0;0;0;0;0;0;0;0;0
NavigationHistory;0;3;58;1;8;0;0;0;19;0;0;0;0;0;0;0;0;0;0;0
NavigationState;0;1;19;5;1;0;0;4;6;0;0;0;0;0;0;0;0;0;0;0
OpenCommand;0;1;9;0;0;1;0;4;6;0;0;0;0;0;0;0;0;0;0;0
OpenFromGacCommand;0;2;11;0;2;1;0;5;7;0;0;0;0;0;0;0;0;0;0;0
NugetPackageBrowserDialog;0;3;39;0;5;8;0;3;13;3;0;0;0;0;0;0;0;0;0;0
OpenFromGacDialog;0;10;126;0;15;8;0;3;56;32;8;12;12;0;3;0;3;0;0;0
ResourceStringTable;0;4;31;3;6;8;0;0;10;3;0;0;0;0;0;0;0;0;0;0
OpenListDialog;0;16;155;0;24;8;0;7;83;6;6;1;11;0;2;0;2;0;0;0
DisplaySettings;0;16;176;0;4;0;0;8;21;1;0;0;0;0;0;0;0;0;0;0
DisplaySettingsPanel;0;11;116;0;15;8;0;10;64;21;6;1;8;0;1;0;2;0;0;0
FontSizeConverter;0;4;19;0;5;0;0;0;6;1;0;0;0;0;0;0;0;0;0;0
MiscSettings;0;4;35;14;3;0;0;1;7;0;0;0;0;0;0;0;0;0;0;0
MiscSettingsPanel;0;2;39;2;4;8;0;4;20;3;0;0;0;0;0;0;0;0;0;0
OptionsDialog;0;5;33;8;3;8;0;4;15;0;2;1;1;0;0;0;0;0;0;0
ExportOptionPageAttribute;0;1;9;0;0;2;0;3;1;0;0;0;0;0;0;0;0;0;0;0
ShowOptionsCommand;0;2;12;0;2;1;0;5;8;0;0;0;0;0;0;0;0;0;0;0
RefreshCommand;0;1;9;0;0;1;0;4;6;0;0;0;0;0;0;0;0;0;0;0
SaveCommand;0;1;8;0;0;1;0;3;4;0;0;0;0;0;0;0;0;0;0;0
SearchPane;0;56;280;2;45;8;0;18;122;108;4;1;14;0;2;0;4;0;0;0
SearchResult;0;3;22;0;1;0;0;8;4;1;0;0;0;0;0;0;0;0;0;0
ShowSearchCommand;0;1;12;0;0;1;0;4;11;0;0;0;0;0;0;0;0;0;0;0
SimpleCommand;0;1;13;0;2;0;16;16;2;1;0;0;0;0;0;0;0;0;0;0
AbstractSearchStrategy;0;58;184;4;62;0;3;12;59;39;0;0;0;0;0;0;0;0;0;0
TaskHelper;0;21;141;12;36;0;0;4;92;26;20;10;36;0;0;0;7;0;0;1
CopyContextMenuEntry;0;2;16;0;4;0;0;4;6;1;0;0;0;0;0;0;0;0;0;0
SelectAllContextMenuEntry;0;1;16;0;3;0;0;4;6;3;0;0;0;0;0;0;0;0;0;0
ToggleAllContextMenuEntry;0;7;30;0;9;0;0;4;5;3;0;0;0;0;0;0;0;0;0;0
ToggleContextMenuEntry;0;8;33;8;10;0;0;4;11;3;0;0;0;0;0;0;0;0;0;0
XmlDocRenderer;0;21;99;0;25;0;0;1;53;0;0;0;0;0;0;0;0;0;0;0
AnalyzeCommand;0;20;56;0;25;1;0;9;21;4;6;4;4;0;0;0;0;0;0;0
AssignedByFieldAccessAnalyzer;0;1;5;0;0;1;0;2;1;0;0;0;0;0;0;0;0;0;0;0
ReadByFieldAccessAnalyzer;0;1;5;0;0;1;0;2;1;0;0;0;0;0;0;0;0;0;0;0
FieldAccessAnalyzer;0;36;120;2;40;0;2;5;32;8;0;1;1;0;0;0;0;0;1;0
AnalyzedFieldTreeNode;0;3;22;0;3;3;0;4;11;0;4;1;1;0;0;0;0;0;0;0
AnalyzerEntityTreeNode;0;4;22;4;5;2;6;10;6;1;0;0;0;0;0;0;0;0;0;0
AnalyzerSearchTreeNode;0;18;92;1;21;2;0;8;30;4;0;0;0;0;0;0;0;0;0;0
AnalyzerTreeNode;0;6;35;7;8;1;2;7;10;10;0;0;0;0;0;0;0;0;0;0
RemoveAnalyzeContextMenuEntry;0;6;22;0;8;0;0;3;5;3;4;1;1;0;0;0;0;0;0;0
BaseTypesEntryNode;0;8;71;0;9;2;0;7;37;0;0;0;0;0;0;0;0;0;0;0
CopyFullyQualifiedNameContextMenuEntry;0;5;19;0;8;0;0;3;8;6;0;0;0;0;0;0;0;0;0;0
DerivedTypesEntryNode;0;10;61;1;11;2;0;11;21;0;3;2;2;0;0;0;0;0;0;0
GeneratePdbContextMenuEntry;0;11;52;0;14;0;0;9;36;6;44;3;41;0;0;0;34;0;0;0
GeneratePdbMainMenuEntry;0;8;16;0;9;1;0;7;8;1;0;0;0;0;0;0;0;0;0;0
NaturalStringComparer;0;1;10;0;2;0;0;5;4;1;0;0;0;0;0;0;0;0;0;0
CursorResourceNodeFactory;0;5;22;0;6;0;0;1;6;0;0;0;0;0;0;0;0;0;0;0
CursorResourceEntryNode;0;3;42;6;3;3;0;5;16;0;2;1;1;0;0;0;1;0;0;0
IconResourceNodeFactory;0;5;22;0;6;0;0;1;9;0;0;0;0;0;0;0;0;0;0;0
IconResourceEntryNode;0;3;35;0;4;3;0;5;14;1;2;1;1;0;0;0;0;0;0;0
ImageListResourceEntryNodeFactory;0;2;14;0;3;0;0;1;3;0;0;0;0;0;0;0;0;0;0;0
ImageListResourceEntryNode;0;3;34;0;4;2;0;5;8;1;0;0;0;0;0;0;0;0;0;0
ImageResourceNodeFactory;0;6;28;0;7;0;0;1;9;0;0;0;0;0;0;0;0;0;0;0
ImageResourceEntryNode;0;2;32;0;2;3;0;5;12;0;3;1;1;0;0;0;1;0;0;0
ResourceEntryNode;0;7;55;0;7;2;5;14;19;1;0;0;0;0;0;0;0;0;0;0
ResourcesFileTreeNodeFactory;0;2;15;0;3;0;0;1;4;0;0;0;0;0;0;0;0;0;0;0
ResourcesFileTreeNode;0;21;119;3;24;3;0;10;46;4;0;1;1;0;0;0;0;0;0;0
ResourceTreeNode;0;14;83;0;17;2;1;14;33;8;0;0;0;0;0;0;0;0;0;0
XamlResourceNodeFactory;0;3;15;0;4;0;0;1;4;0;0;0;0;0;0;0;0;0;0;0
XamlResourceEntryNode;0;3;30;3;3;3;0;3;14;0;52;3;33;0;6;0;13;0;0;4
XmlResourceNodeFactory;0;5;23;0;6;0;0;1;6;0;0;0;0;0;0;0;0;0;0;0
XmlResourceEntryNode;0;6;47;2;3;3;0;4;17;0;42;3;35;0;6;0;13;0;0;4
SearchMsdnContextMenuEntry;0;34;78;1;38;0;0;11;19;10;7;1;6;0;0;0;0;0;0;0
TypeExtensionMethodsAnalyzer;0;10;27;0;12;0;0;3;8;3;0;0;0;0;0;0;0;0;0;0
MainWindow;1;84;552;3;120;8;0;57;225;533;2;12;12;0;0;0;5;0;0;0
SessionSettings;0;11;91;3;14;0;0;3;76;15;3;3;3;0;0;0;0;0;0;0
CaretHighlightAdorner;0;1;35;0;2;6;0;3;29;1;0;0;0;0;0;0;0;0;0;0
DecompilerTextView;0;85;621;10;119;8;0;47;284;291;4;7;26;0;5;0;6;0;0;1
DecompilerTextViewState;0;4;20;0;5;0;0;6;11;0;25;7;7;0;0;0;2;0;0;0
OutputLengthExceededException;0;1;15;6;0;1;0;1;4;0;0;0;0;0;0;0;0;0;0;0
ReferenceElementGenerator;0;9;40;14;9;1;0;3;14;3;0;0;0;0;0;0;0;0;0;0
VisualLineReferenceText;0;2;19;26;3;2;0;2;4;0;0;0;0;0;0;0;0;0;0;0
ReferenceSegment;0;1;6;0;0;1;0;7;0;0;0;0;0;0;0;0;0;0;0;0
DefinitionLookup;0;2;16;0;3;0;0;2;4;0;0;0;0;0;0;0;0;0;0;0
AvalonEditTextOutput;0;16;202;12;33;0;0;18;99;35;0;0;0;0;0;0;0;0;0;0
UIElementGenerator;0;6;30;23;8;1;0;1;9;1;0;0;0;0;0;0;0;0;0;0
AssemblyListTreeNode;0;58;235;8;71;2;0;23;104;60;6;17;17;0;1;0;2;0;0;0
AssemblyReferenceTreeNode;0;13;67;1;14;2;0;7;27;0;0;0;0;0;0;0;0;0;0;0
AssemblyTreeNode;1;22;164;4;30;2;0;24;61;44;2;4;4;0;0;0;0;0;0;0
RemoveAssembly;0;2;18;0;4;0;0;2;5;3;5;1;1;0;0;0;0;0;0;0
BaseTypesTreeNode;0;5;41;0;7;2;0;6;16;3;0;0;0;0;0;0;0;0;0;0
DerivedTypesTreeNode;0;7;57;3;11;2;0;10;29;8;3;2;2;0;0;0;0;0;0;0
EventTreeNode;1;18;82;0;13;2;0;9;26;6;0;0;0;0;0;0;0;0;0;0
FieldTreeNode;1;12;63;0;14;2;0;9;21;4;0;0;0;0;0;0;0;0;0;0
ILSpyTreeNode;0;21;126;11;25;1;19;42;29;28;1;2;2;0;0;0;0;0;0;0
MethodTreeNode;1;29;104;0;30;2;0;9;36;8;0;0;0;0;0;0;0;0;0;0
ModuleReferenceTreeNode;0;7;47;0;5;2;0;7;19;0;0;0;0;0;0;0;0;0;0;0
NamespaceTreeNode;0;4;30;0;3;2;0;8;9;0;3;1;1;0;0;0;0;0;0;0
PropertyTreeNode;1;23;117;4;21;2;0;10;29;11;0;0;0;0;0;0;0;0;0;0
ReferenceFolderTreeNode;0;4;37;2;5;2;0;9;20;0;5;2;2;0;0;0;2;0;0;0
ResourceListTreeNode;0;4;38;0;6;2;0;10;12;3;2;1;1;0;0;0;0;0;0;0
ThreadingSupport;1;10;99;8;12;0;0;8;34;0;0;0;0;0;0;0;0;0;1;0
TypeTreeNode;0;31;113;0;34;2;0;16;44;13;4;5;5;0;0;0;0;0;0;0
ResourceObjectTable;0;4;52;5;6;8;0;0;8;1;0;0;0;0;0;0;0;0;0;0
ResourceStringTable;0;4;52;5;6;8;0;0;8;1;0;0;0;0;0;0;0;0;0;0
CreateListDialog;0;4;52;5;5;8;0;1;6;0;0;0;0;0;0;0;0;0;0;0
DebugSteps;0;6;62;4;7;8;0;8;9;0;0;0;0;0;0;0;0;0;0;0
OpenFromGacDialog;0;7;86;3;9;8;0;3;9;1;0;0;0;0;0;0;0;0;0;0
OpenListDialog;0;8;98;2;10;8;0;7;13;1;0;0;0;0;0;0;0;0;0;0
NugetPackageBrowserDialog;0;3;40;6;4;8;0;3;5;0;0;0;0;0;0;0;0;0;0;0
DecompilerSettingsPanel;0;3;50;5;5;8;0;6;8;0;0;0;0;0;0;0;0;0;0;0
DisplaySettingsPanel;0;5;60;4;6;8;0;10;6;0;0;0;0;0;0;0;0;0;0;0
MiscSettingsPanel;0;2;25;10;3;8;0;4;4;0;0;0;0;0;0;0;0;0;0;0
OptionsDialog;0;4;48;5;5;8;0;4;5;0;0;0;0;0;0;0;0;0;0;0
SearchPane;0;7;86;3;9;8;0;18;9;1;0;0;0;0;0;0;0;0;0;0
DecompilerTextView;0;7;66;4;8;8;0;47;5;0;0;0;0;0;0;0;0;0;0;0
App;0;2;28;17;3;2;0;32;8;1;0;0;0;0;0;0;0;0;0;0
GeneratedInternalTypeHelper;0;1;24;38;5;1;0;0;11;6;0;0;0;0;0;0;0;0;0;0
CollapsedWhenFalse;0;2;16;0;4;1;0;2;5;3;0;0;0;0;0;0;0;0;0;0
EditTextBox;0;6;49;12;9;8;0;4;17;6;0;0;0;0;0;0;0;0;0;0
ExtensionMethods;0;3;20;0;5;0;0;0;9;3;0;0;0;0;0;0;0;0;0;0
GeneralAdorner;0;5;50;0;5;6;0;1;14;0;0;0;0;0;0;0;0;0;0;0
InsertMarker;0;1;8;0;0;6;0;3;3;0;0;0;0;0;0;0;0;0;0;0
LinesRenderer;1;8;37;0;8;5;0;4;15;0;0;0;0;0;0;0;0;0;0;0
SharpTreeNode;0;62;311;14;80;0;0;14;103;0;0;0;0;0;0;0;0;0;0;0
SharpGridView;0;1;16;0;0;4;0;1;2;0;0;0;0;0;0;0;0;0;0;0
SharpTreeNode;0;74;441;20;90;0;0;14;124;445;2;11;11;0;6;0;0;0;0;0
SharpTreeNodeCollection;1;11;139;0;25;0;0;4;66;27;0;0;0;0;0;0;0;0;0;0
SharpTreeNodeView;1;19;115;0;26;6;0;9;35;28;0;0;0;0;0;0;0;0;0;0
SharpTreeView;1;83;502;2;120;10;0;15;181;667;0;5;5;0;0;0;2;0;2;0
SharpTreeViewAutomationPeer;0;1;10;9;1;4;0;1;2;0;0;0;0;0;0;0;0;0;0;0
SharpTreeViewItem;0;15;94;4;23;9;0;9;30;32;0;0;0;0;0;0;0;0;0;0
SharpTreeViewTextSearch;0;27;116;0;32;2;0;4;39;7;0;1;1;0;0;0;0;0;0;0
SharpTreeViewItemAutomationPeer;0;13;57;0;14;4;0;3;9;15;0;0;0;0;0;0;0;0;0;0
TreeFlattener;0;17;115;3;24;0;0;5;36;70;0;0;0;0;0;0;0;0;0;0
TreeTraversal;0;5;29;29;6;0;0;1;16;0;0;0;0;0;0;0;0;0;1;0
LdTokenAnnotation;0;1;1;0;0;0;0;1;0;0;0;0;0;0;0;0;0;0;0;0
AnnotationExtensions;0;9;105;20;26;0;0;10;46;30;0;0;0;0;0;0;0;0;0;0
ILVariableResolveResult;0;1;12;0;0;1;0;7;3;0;0;0;0;0;0;0;0;0;0;0
ForeachAnnotation;0;1;12;0;0;0;0;2;1;0;0;0;0;0;0;0;0;0;0;0
ImplicitReturnAnnotation;0;1;8;0;0;0;0;2;1;0;0;0;0;0;0;0;0;0;0;0
RequiredNamespaceCollector;0;66;294;0;75;0;0;11;118;24;0;0;0;0;0;0;0;0;0;0
SequencePointBuilder;0;29;238;13;48;1;0;29;127;163;1;3;3;0;2;0;0;0;0;0
AstNode;0;133;698;18;177;1;34;186;216;506;0;0;0;0;0;0;0;0;0;0
AstNodeCollection;0;32;160;11;47;0;0;4;48;43;0;0;0;0;0;0;0;0;0;0
AstType;0;13;142;27;22;2;5;83;51;72;0;0;0;0;0;0;0;0;0;0
ComposedType;0;23;145;6;25;3;0;19;66;21;0;0;0;0;0;0;0;0;0;0
ArraySpecifier;0;4;56;0;6;2;0;14;19;3;0;0;0;0;0;0;0;0;0;0
CSharpModifierToken;0;62;175;2;66;3;0;11;14;4;0;0;0;0;0;0;0;0;0;0
CSharpTokenNode;0;5;79;0;7;2;1;112;19;3;0;0;0;0;0;0;0;0;0;0
CSharpUtil;0;38;112;17;45;0;0;12;40;16;0;0;0;0;0;0;0;0;0;0
DepthFirstAstVisitor;0;2;510;1;127;0;9;134;251;7875;0;0;0;0;0;0;0;0;0;0
DocumentationReference;0;12;82;24;15;2;0;11;25;1;0;0;0;0;0;0;0;0;0;0
ErrorNode;0;1;43;0;5;2;0;5;10;3;0;0;0;0;0;0;0;0;0;0
AnonymousMethodExpression;0;8;65;1;8;3;0;16;24;1;0;0;0;0;0;0;0;0;0;0
AnonymousTypeCreateExpression;0;3;45;0;5;3;0;11;17;1;0;0;0;0;0;0;0;0;0;0
ArrayCreateExpression;0;5;43;8;8;3;0;18;21;1;0;0;0;0;0;0;0;0;0;0
ArrayInitializerExpression;1;4;121;6;6;3;0;21;38;0;0;0;0;0;0;0;0;0;0;0
AsExpression;0;3;40;0;6;3;0;14;19;1;0;0;0;0;0;0;0;0;0;0
AssignmentExpression;0;55;180;2;62;3;0;19;36;3;0;0;0;0;0;0;0;0;0;0
BaseReferenceExpression;0;1;34;0;4;3;0;12;8;1;0;0;0;0;0;0;0;0;0;0
BinaryOperatorExpression;0;48;156;0;53;3;0;19;42;4;0;0;0;0;0;0;0;0;0;0
CastExpression;0;3;42;0;6;3;0;16;19;1;0;0;0;0;0;0;0;0;0;0
CheckedExpression;0;2;41;0;5;3;0;12;17;1;0;0;0;0;0;0;0;0;0;0
ConditionalExpression;0;4;52;0;7;3;0;13;26;1;0;0;0;0;0;0;0;0;0;0
DefaultValueExpression;0;2;41;0;5;3;0;13;17;1;0;0;0;0;0;0;0;0;0;0
DirectionExpression;0;6;51;0;6;3;0;14;19;1;0;0;0;0;0;0;0;0;0;0
ErrorExpression;0;1;42;0;4;3;0;8;11;1;0;0;0;0;0;0;0;0;0;0
Expression;0;4;82;0;3;2;40;104;26;4;1;1;1;0;0;0;0;0;0;0
IdentifierExpression;1;3;50;5;6;3;0;23;20;1;0;0;0;0;0;0;0;0;0;0
IndexerExpression;0;5;48;0;6;3;0;14;19;1;0;0;0;0;0;0;0;0;0;0
InterpolatedStringExpression;0;3;28;0;6;3;0;10;12;1;0;0;0;0;0;0;0;0;0;0
InterpolatedStringContent;0;2;32;0;0;2;2;7;9;1;0;0;0;0;0;0;0;0;0;0
Interpolation;0;2;41;0;5;3;0;13;16;1;0;0;0;0;0;0;0;0;0;0
InterpolatedStringText;0;2;28;0;5;3;0;8;9;1;0;0;0;0;0;0;0;0;0;0
InvocationExpression;0;5;48;0;6;3;0;24;19;1;0;0;0;0;0;0;0;0;0;0
IsExpression;0;3;40;0;6;3;0;14;19;1;0;0;0;0;0;0;0;0;0;0
LambdaExpression;0;4;43;0;7;3;0;19;18;1;0;0;0;0;0;0;0;0;0;0
MemberReferenceExpression;1;6;72;0;7;3;0;24;26;1;0;0;0;0;0;0;0;0;0;0
NamedArgumentExpression;1;3;51;0;6;3;0;13;19;1;0;0;0;0;0;0;0;0;0;0
NamedExpression;1;3;51;0;6;3;0;14;19;1;0;0;0;0;0;0;0;0;0;0
NullReferenceExpression;0;1;43;0;5;3;0;12;12;3;0;0;0;0;0;0;0;0;0;0
ObjectCreateExpression;0;6;57;0;7;3;0;17;24;1;0;0;0;0;0;0;0;0;0;0
OutVarDeclarationExpression;0;3;40;0;6;3;0;14;17;1;0;0;0;0;0;0;0;0;0;0
ParenthesizedExpression;0;5;47;16;10;3;0;14;18;6;0;0;0;0;0;0;0;0;0;0
PointerReferenceExpression;1;3;47;0;6;3;0;15;19;1;0;0;0;0;0;0;0;0;0;0
PrimitiveExpression;0;10;110;1;14;3;0;15;23;10;5;1;6;0;0;0;4;0;0;0
QueryExpression;0;4;51;0;6;3;0;13;18;1;0;0;0;0;0;0;0;0;0;0
QueryClause;0;1;6;0;0;2;8;13;0;0;0;0;0;0;0;0;0;0;0;0
QueryContinuationClause;0;3;40;0;6;3;0;14;18;1;0;0;0;0;0;0;0;0;0;0
QueryFromClause;0;4;48;0;7;3;0;16;22;1;0;0;0;0;0;0;0;0;0;0
QueryLetClause;0;3;42;0;6;3;0;15;18;1;0;0;0;0;0;0;0;0;0;0
QueryWhereClause;0;2;28;0;5;3;0;12;12;1;0;0;0;0;0;0;0;0;0;0
QueryJoinClause;0;8;91;0;11;3;0;15;43;1;0;0;0;0;0;0;0;0;0;0
QueryOrderClause;0;2;28;0;5;3;0;12;12;1;0;0;0;0;0;0;0;0;0;0
QueryOrdering;0;4;36;0;6;2;0;12;14;1;0;0;0;0;0;0;0;0;0;0
QuerySelectClause;0;2;28;0;5;3;0;14;12;1;0;0;0;0;0;0;0;0;0;0
QueryGroupClause;0;3;38;0;6;3;0;12;19;1;0;0;0;0;0;0;0;0;0;0
SizeOfExpression;0;2;41;0;5;3;0;13;17;1;0;0;0;0;0;0;0;0;0;0
StackAllocExpression;0;4;45;0;7;3;0;14;21;1;0;0;0;0;0;0;0;0;0;0
ThisReferenceExpression;0;1;34;0;4;3;0;11;8;1;0;0;0;0;0;0;0;0;0;0
ThrowExpression;0;2;35;0;5;3;0;12;14;1;0;0;0;0;0;0;0;0;0;0
TupleExpression;0;2;23;0;5;3;0;9;9;1;0;0;0;0;0;0;0;0;0;0
TypeOfExpression;0;2;41;0;5;3;0;13;17;1;0;0;0;0;0;0;0;0;0;0
TypeReferenceExpression;0;2;31;0;5;3;0;12;13;1;0;0;0;0;0;0;0;0;0;0
UnaryOperatorExpression;0;28;113;0;33;3;0;18;29;4;0;0;0;0;0;0;0;0;0;0
UncheckedExpression;0;2;41;0;5;3;0;12;17;1;0;0;0;0;0;0;0;0;0;0
UndocumentedExpression;0;7;52;0;6;3;0;11;19;1;0;0;0;0;0;0;0;0;0;0
Attribute;0;4;48;2;8;2;0;23;16;3;0;0;0;0;0;0;0;0;0;0
AttributeSection;0;4;94;19;6;2;0;23;32;0;0;0;0;0;0;0;0;0;0;0
Comment;0;4;68;4;6;2;0;13;13;1;0;0;0;0;0;0;0;0;0;0
Constraint;0;3;40;0;6;2;0;19;13;1;0;0;0;0;0;0;0;0;0;0
DelegateDeclaration;0;7;47;0;10;3;0;18;19;1;0;0;0;0;0;0;0;0;0;0
ExternAliasDeclaration;0;2;50;0;5;2;0;11;16;1;0;0;0;0;0;0;0;0;0;0
NamespaceDeclaration;1;11;101;2;14;2;0;22;35;10;0;0;0;0;0;0;0;0;0;0
NewLineNode;0;2;71;1;5;2;0;10;14;3;0;0;0;0;0;0;0;0;0;0
LinePreprocessorDirective;0;1;17;0;0;3;0;1;2;0;0;0;0;0;0;0;0;0;0;0
PragmaWarningPreprocessorDirective;0;2;46;0;1;3;0;5;15;0;4;2;2;0;0;0;0;0;0;0
PreProcessorDirective;1;3;60;4;6;2;2;12;10;1;0;0;0;0;0;0;0;0;0;0
TextNode;0;2;50;0;5;2;0;8;9;1;0;0;0;0;0;0;0;0;0;0
TypeDeclaration;0;13;82;0;11;3;0;25;27;1;0;0;0;0;0;0;0;0;0;0
TypeParameterDeclaration;0;7;69;0;7;2;0;20;22;1;0;0;0;0;0;0;0;0;0;0
UsingAliasDeclaration;0;3;62;0;6;2;0;15;29;1;0;0;0;0;0;0;0;0;0;0
UsingDeclaration;0;6;71;0;10;2;0;18;31;3;0;0;0;0;0;0;0;0;0;0
WhitespaceNode;0;2;48;0;5;2;0;8;10;1;0;0;0;0;0;0;0;0;0;0
Identifier;0;12;121;0;14;2;0;48;37;6;0;0;0;0;0;0;0;0;0;0
IdentifierExpressionBackreference;0;5;23;0;4;1;0;5;7;0;0;0;0;0;0;0;0;0;0;0
MemberType;0;11;97;0;14;3;0;20;37;3;0;0;0;0;0;0;0;0;0;0
AnyNode;0;2;16;0;2;1;0;3;3;0;0;0;0;0;0;0;0;0;0;0
AnyNodeOrNull;0;2;20;0;2;1;0;1;4;0;0;0;0;0;0;0;0;0;0;0
Backreference;0;4;20;0;3;1;0;2;6;0;0;0;0;0;0;0;0;0;0;0
BacktrackingInfo;0;1;4;0;0;0;0;15;1;0;0;0;0;0;0;0;0;0;0;0
Choice;0;5;35;0;9;1;0;2;16;0;0;0;0;0;0;0;0;0;0;0
PatternExtensions;0;4;39;23;10;0;0;4;15;15;0;0;0;0;0;0;0;0;0;0
NamedNode;0;2;23;0;1;1;0;2;5;0;0;0;0;0;0;0;0;0;0;0
OptionalNode;0;4;28;0;4;1;0;4;11;0;0;0;0;0;0;0;0;0;0;0
Pattern;0;16;70;6;19;0;11;36;20;3;0;0;0;0;0;0;0;0;0;0
Repeat;0;12;41;2;12;1;0;4;13;0;0;0;0;0;0;0;0;0;0;0
PrimitiveType;0;22;115;0;28;3;0;14;23;13;0;0;0;0;0;0;0;0;0;0
Role;0;2;22;24;2;0;1;32;5;1;0;0;0;0;0;0;0;0;0;0
Roles;0;1;52;7;0;0;0;139;48;0;0;0;0;0;0;0;0;0;0;0
SimpleType;0;9;110;0;11;3;0;24;42;3;0;0;0;0;0;0;0;0;0;0
BlockStatement;0;5;110;0;10;3;0;39;41;4;0;0;0;0;0;0;0;0;0;0
BreakStatement;0;1;27;0;4;3;0;11;10;1;0;0;0;0;0;0;0;0;0;0
CheckedStatement;0;2;35;0;5;3;0;12;15;1;0;0;0;0;0;0;0;0;0;0
ContinueStatement;0;1;27;0;4;3;0;12;10;1;0;0;0;0;0;0;0;0;0;0
DoWhileStatement;0;3;53;0;6;3;0;15;22;1;0;0;0;0;0;0;0;0;0;0
EmptyStatement;0;1;34;0;4;3;0;11;8;1;0;0;0;0;0;0;0;0;0;0
ExpressionStatement;0;2;34;0;5;3;0;18;13;1;0;0;0;0;0;0;0;0;0;0
FixedStatement;0;4;41;0;7;3;0;16;19;1;0;0;0;0;0;0;0;0;0;0
ForeachStatement;0;5;63;0;8;3;0;19;28;1;0;0;0;0;0;0;0;0;0;0
ForStatement;0;5;47;9;8;3;0;17;23;1;0;0;0;0;0;0;0;0;0;0
GotoStatement;0;3;45;0;5;3;0;13;18;1;0;0;0;0;0;0;0;0;0;0
GotoCaseStatement;0;2;35;7;5;3;0;12;15;1;0;0;0;0;0;0;0;0;0;0
GotoDefaultStatement;0;1;31;0;4;3;0;11;12;1;0;0;0;0;0;0;0;0;0;0
IfElseStatement;0;4;58;0;7;3;0;15;26;1;0;0;0;0;0;0;0;0;0;0
LabelStatement;0;2;35;0;5;3;0;15;14;1;0;0;0;0;0;0;0;0;0;0
LockStatement;0;3;38;0;6;3;0;14;17;1;0;0;0;0;0;0;0;0;0;0
ReturnStatement;0;2;38;0;5;3;0;13;16;1;0;0;0;0;0;0;0;0;0;0
Statement;0;4;80;0;3;2;27;46;26;4;1;1;1;0;0;0;0;0;0;0
SwitchStatement;0;3;44;0;6;3;0;17;19;1;0;0;0;0;0;0;0;0;0;0
SwitchSection;0;4;69;0;6;2;0;18;24;0;0;0;0;0;0;0;0;0;0;0
CaseLabel;0;2;41;6;5;2;0;13;15;1;0;0;0;0;0;0;0;0;0;0
ThrowStatement;0;2;38;0;5;3;0;13;16;1;0;0;0;0;0;0;0;0;0;0
TryCatchStatement;1;4;42;0;7;3;0;14;22;1;0;0;0;0;0;0;0;0;0;0
CatchClause;1;7;133;0;7;2;0;20;49;0;0;0;0;0;0;0;0;0;0;0
UncheckedStatement;0;2;35;0;5;3;0;12;15;1;0;0;0;0;0;0;0;0;0;0
UnsafeStatement;0;2;28;0;5;3;0;12;12;1;0;0;0;0;0;0;0;0;0;0
UsingStatement;0;3;39;7;6;3;0;13;18;1;0;0;0;0;0;0;0;0;0;0
VariableDeclarationStatement;0;4;47;0;8;3;0;22;21;3;2;1;1;0;0;0;0;0;0;0
WhileStatement;0;3;46;0;6;3;0;16;19;1;0;0;0;0;0;0;0;0;0;0
YieldBreakStatement;0;1;31;0;4;3;0;12;12;1;0;0;0;0;0;0;0;0;0;0
YieldReturnStatement;0;2;35;0;5;3;0;13;15;1;0;0;0;0;0;0;0;0;0;0
SyntaxExtensions;0;8;44;6;13;0;0;6;10;15;0;0;0;0;0;0;0;0;0;0
SyntaxTree;0;12;69;23;16;2;0;19;17;3;0;0;0;0;0;0;0;0;0;0
TextLocationConverter;0;6;29;0;9;1;0;0;12;6;0;0;0;0;0;0;0;0;0;0
TokenRole;0;4;38;15;0;2;0;106;8;0;0;0;0;0;0;0;0;0;0;0
TupleAstType;0;2;30;0;6;3;0;10;17;3;6;2;2;0;0;0;0;0;0;0
TupleTypeElement;0;4;61;0;6;2;0;11;24;1;0;0;0;0;0;0;0;0;0;0
Accessor;0;10;67;4;7;3;0;25;19;1;0;0;0;0;0;0;0;0;0;0
ConstructorDeclaration;0;5;45;0;8;3;0;18;20;1;0;0;0;0;0;0;0;0;0;0
ConstructorInitializer;0;7;80;0;8;2;0;14;23;1;0;0;0;0;0;0;0;0;0;0
DestructorDeclaration;0;3;37;0;6;3;0;17;15;1;0;0;0;0;0;0;0;0;0;0
EntityDeclaration;0;8;76;3;11;2;14;39;32;4;2;2;2;0;0;0;2;0;0;0
EnumMemberDeclaration;0;4;32;0;7;3;0;13;14;1;0;0;0;0;0;0;0;0;0;0
EventDeclaration;0;4;41;4;7;3;0;17;15;1;0;0;0;0;0;0;0;0;0;0
CustomEventDeclaration;0;7;49;7;10;3;0;18;26;1;0;0;0;0;0;0;0;0;0;0
FieldDeclaration;0;4;37;5;7;3;0;18;13;1;0;0;0;0;0;0;0;0;0;0
FixedFieldDeclaration;0;4;32;0;7;3;0;14;14;1;0;0;0;0;0;0;0;0;0;0
FixedVariableInitializer;0;3;59;0;6;2;0;15;20;1;0;0;0;0;0;0;0;0;0;0
IndexerDeclaration;1;8;75;5;11;3;0;19;32;1;0;0;0;0;0;0;0;0;0;0
MethodDeclaration;0;10;57;6;12;3;0;22;25;1;0;0;0;0;0;0;0;0;0;0
OperatorDeclaration;0;34;192;5;41;3;0;20;54;9;0;0;0;0;0;0;0;0;0;0
ParameterDeclaration;0;7;126;0;10;2;0;33;45;0;0;0;0;0;0;0;0;0;0;0
PropertyDeclaration;0;9;62;6;12;3;0;22;33;1;0;0;0;0;0;0;0;0;0;0
VariableInitializer;0;5;120;0;6;2;0;26;39;0;0;0;0;0;0;0;0;0;0;0
TypeSystemAstBuilder;1;282;1034;12;319;0;0;60;506;548;2;19;27;0;1;0;1;0;0;0
CSharpAmbience;0;65;288;0;78;0;0;25;141;56;0;0;0;0;0;0;0;0;1;0
CSharpFormattingOptions;0;1;702;21;1;0;0;14;3;0;0;0;0;0;0;0;0;0;0;0
CSharpOutputVisitor;1;267;2284;3;436;0;0;148;1336;10471;0;3;3;0;0;0;0;0;0;0
FormattingOptionsFactory;0;1;339;8;7;0;0;3;14;15;0;0;0;0;0;0;0;0;0;0
InsertMissingTokensDecorator;0;20;103;3;26;2;0;17;48;0;0;1;1;0;0;0;0;0;0;0
InsertParenthesesVisitor;0;92;302;13;111;1;0;26;92;124;0;1;1;0;0;0;0;0;0;0
InsertRequiredSpacesDecorator;0;37;126;11;45;2;0;5;31;0;0;0;0;0;0;0;0;0;0;0
InsertSpecialsDecorator;0;15;95;20;24;2;0;8;41;24;0;0;0;0;0;0;0;0;0;0
TokenWriter;0;2;31;27;17;0;3;15;25;120;0;0;0;0;0;0;0;0;0;0
DecoratingTokenWriter;0;2;62;0;13;1;3;7;28;0;0;0;0;0;0;0;0;0;0;0
TextWriterTokenWriter;0;75;406;9;93;1;0;13;142;112;0;0;0;0;0;0;0;0;0;0
AliasNamespaceResolveResult;0;1;11;21;0;2;0;1;1;0;0;0;0;0;0;0;0;0;0;0
AliasTypeResolveResult;0;1;11;21;0;2;0;1;1;0;0;0;0;0;0;0;0;0;0;0
AwaitResolveResult;0;7;27;37;1;1;0;1;4;0;0;0;0;0;0;0;0;0;0;0
CastResolveResult;0;1;11;65;0;2;0;3;2;0;0;0;0;0;0;0;0;0;0;0
CSharpConversions;1;343;986;13;389;0;0;25;367;952;1;18;18;0;18;0;0;0;1;0
CSharpInvocationResolveResult;0;17;83;18;15;3;0;6;13;0;0;0;0;0;0;0;0;0;0;0
CSharpOperators;0;61;865;2;22;0;0;12;335;58;14;146;146;0;0;0;2;0;0;0
CSharpResolver;0;564;1985;16;651;0;0;48;724;1602;0;16;16;0;0;0;2;0;1;0
DynamicInvocationResolveResult;0;1;17;48;1;1;0;2;3;0;0;0;0;0;0;0;0;0;0;0
DynamicMemberResolveResult;0;1;16;27;2;1;0;2;4;1;0;0;0;0;0;0;0;0;0;0
LambdaResolveResult;0;1;19;68;3;1;1;7;4;3;0;0;0;0;0;0;0;0;0;0
DecompiledLambdaResolveResult;1;6;51;15;7;2;0;8;12;1;0;0;0;0;0;0;0;0;0;0
LambdaConversion;0;1;6;0;0;1;0;5;1;0;0;0;0;0;0;0;0;0;0;0
Log;0;10;59;0;14;0;0;3;16;0;0;0;0;0;0;0;0;0;0;0
MemberLookup;0;153;463;21;164;0;0;7;141;43;2;12;12;0;7;0;1;0;9;0
MethodListWithDeclaringType;0;1;16;54;0;1;0;4;2;0;0;0;0;0;0;0;0;0;0;0
MethodGroupResolveResult;0;20;130;32;22;1;0;11;44;10;0;1;1;0;0;0;0;0;1;0
OverloadResolution;0;212;680;20;207;0;0;22;132;131;0;4;4;0;0;0;0;0;1;0
ReducedExtensionMethod;0;4;214;0;10;0;0;4;20;0;0;0;0;0;0;0;0;0;0;0
RenameCallbackArguments;0;3;14;0;0;0;0;1;3;0;0;0;0;0;0;0;0;0;0;0
TypeInference;1;194;751;13;213;0;0;20;282;321;2;19;20;0;14;0;8;0;0;0
CombineQueryExpressions;0;23;124;8;27;0;0;19;65;10;0;0;0;0;0;0;0;0;0;0
LetIdentifierAnnotation;0;1;3;0;0;0;0;2;0;0;0;0;0;0;0;0;0;0;0;0
FlattenSwitchBlocks;0;5;16;0;5;0;0;6;6;0;5;1;1;0;0;0;0;0;0;0
IntroduceExtensionMethods;1;29;140;0;35;1;0;24;80;0;2;4;4;0;2;0;1;0;0;0
IntroduceQueryExpressions;1;67;242;6;72;0;0;16;118;13;0;0;0;0;0;0;0;0;0;0
NormalizeBlockStatements;1;21;122;0;35;1;0;23;59;97;0;0;0;0;0;0;0;0;0;0
PrettifyAssignments;0;37;84;6;41;1;0;20;28;6;0;0;0;0;0;0;0;0;0;0
RemoveCLSCompliantAttribute;0;7;17;0;7;0;0;6;5;0;0;0;0;0;0;0;0;0;0;0
AliasNamespaceReference;0;3;35;2;6;1;0;6;9;0;0;0;0;0;0;0;0;0;0;0
CSharpTypeResolveContext;0;2;60;0;5;0;0;12;14;0;0;0;0;0;0;0;0;0;0;0
MemberTypeOrNamespaceReference;0;10;73;5;13;1;0;7;21;0;0;0;0;0;0;0;0;0;0;0
ResolvedUsingScope;0;17;141;2;1;0;0;19;34;3;0;0;0;0;0;0;0;0;0;0
SimpleTypeOrNamespaceReference;0;7;61;6;11;1;0;8;16;0;0;0;0;0;0;0;0;0;0;0
TypeOrNamespaceReference;0;3;19;54;6;0;3;12;8;3;0;0;0;0;0;0;0;0;0;0
UsingScope;0;14;87;25;10;1;0;14;22;0;0;0;0;0;0;0;0;0;0;0
ImportScopeInfo;0;1;14;0;0;0;0;3;3;0;0;0;0;0;0;0;0;0;0;0
DebugInfoGenerator;0;16;120;3;28;1;0;18;61;62;1;2;2;0;2;0;0;0;0;0
DecompilerException;0;23;109;6;25;1;0;2;52;3;0;0;0;0;0;0;0;0;0;0
DecompilerSettings;1;19;188;17;3;0;0;37;22;1;0;0;0;0;0;0;0;0;0;0
ContextTrackingVisitor;0;1;75;0;8;1;0;7;25;0;0;0;0;0;0;0;0;0;0;0
DecimalConstantTransform;0;10;28;0;11;1;0;9;8;1;0;0;0;0;0;0;0;0;0;0
DeclareVariables;1;50;267;25;60;0;0;27;93;5;0;2;2;0;0;0;0;0;0;0
EscapeInvalidIdentifiers;0;8;24;0;10;0;0;3;12;3;4;1;1;0;0;0;0;0;0;0
RemoveCompilerGeneratedAssemblyAttributes;0;7;17;0;7;0;0;6;5;0;0;0;0;0;0;0;0;0;0;0
FixNameCollisions;0;16;45;4;17;0;0;9;18;1;8;1;4;0;1;0;2;0;0;0
IntroduceUsingDeclarations;0;29;178;11;6;0;0;21;86;5;1;2;2;0;0;0;1;0;0;0
PatternStatementTransform;1;102;666;4;127;2;0;39;448;263;1;7;7;0;1;0;3;0;0;0
TransformContext;0;1;22;35;0;0;0;25;2;0;0;0;0;0;0;0;0;0;0;0
CSharpDecompiler;1;230;947;11;272;0;0;60;534;484;1;19;19;0;2;0;12;0;2;0
ExpressionBuilder;1;327;1412;9;408;1;0;100;995;1063;1;18;18;0;10;0;3;0;1;0
StatementBuilder;1;150;668;13;182;1;0;67;387;263;1;11;11;0;1;0;4;0;0;0
AddCheckedBlocks;0;34;242;19;22;0;0;11;63;7;0;2;2;0;0;0;0;0;0;0
ConvertConstructorCallIntoInitializer;0;1;11;15;1;0;0;3;6;0;0;0;0;0;0;0;0;0;0;0
ConvertConstructorCallIntoInitializerVisitor;0;55;159;7;59;1;0;24;96;4;4;8;8;0;1;0;2;0;0;0
TypePattern;0;9;28;6;10;1;0;4;5;0;0;0;0;0;0;0;0;0;0;0
LdTokenPattern;0;4;20;0;5;1;0;4;7;1;0;0;0;0;0;0;0;0;0;0
TypeOfPattern;0;1;22;0;2;1;0;2;12;1;0;0;0;0;0;0;0;0;0;0
IntroduceUnsafeModifier;0;35;127;4;46;1;0;21;51;62;1;2;2;0;0;0;0;0;0;0
ReplaceMethodCallsWithOperators;0;52;179;15;59;1;0;11;91;20;0;1;1;0;2;0;0;0;0;0
WholeProjectDecompiler;0;73;411;7;83;0;0;9;235;22;1;8;8;0;0;0;0;0;0;0
AddXmlDocumentationTransform;0;13;54;3;14;0;0;7;26;0;0;0;0;0;0;0;0;0;0;0
DecompileRun;0;4;29;0;4;0;0;8;14;0;3;1;1;0;0;0;0;0;0;0
ILParser;0;14;71;6;20;0;0;3;23;19;0;0;0;0;0;0;0;0;0;0
ILInstructionExtensions;0;1;13;0;2;0;0;1;4;0;0;0;0;0;0;0;0;0;0;0
CombineExitsTransform;0;14;36;35;15;0;0;8;18;1;0;0;0;0;0;0;0;0;0;0
DynamicIsEventAssignmentTransform;0;26;74;28;29;0;0;11;29;6;0;0;0;0;0;0;0;0;0;0
ReduceNestingTransform;0;73;240;32;87;0;0;15;134;26;2;7;7;0;2;0;1;0;1;0
LocalFunctionDecompiler;0;11;80;4;14;0;0;3;41;153;0;0;0;0;0;0;0;0;0;0
UserDefinedLogicTransform;0;62;180;15;68;0;0;14;51;0;0;0;0;0;0;0;0;0;0;0
AssemblyResolutionException;0;1;13;0;0;4;0;0;2;0;0;0;0;0;0;0;0;0;0;0
AssemblyNameReference;0;18;79;0;13;0;0;4;31;1;0;0;0;0;0;0;0;0;0;0
AssemblyReference;0;4;36;0;5;0;0;3;25;3;0;0;0;0;0;0;0;0;0;0
CodeMappingInfo;0;5;37;39;7;0;0;2;14;0;0;0;0;0;0;0;0;0;0;0
EnumUnderlyingTypeResolveException;0;1;10;0;0;1;0;2;4;0;0;0;0;0;0;0;0;0;0;0
PEFileNotSupportedException;0;1;10;0;0;1;0;0;4;0;0;0;0;0;0;0;0;0;0;0
MetadataTokenHelpers;0;5;23;14;6;0;0;2;6;1;0;0;0;0;0;0;0;0;0;0
GetPotentiallyNestedClassTypeReference;0;21;69;8;22;0;0;1;26;0;2;2;2;0;0;0;4;0;1;0
IdStringMemberReference;0;8;44;0;9;0;0;1;8;1;0;0;0;0;0;0;0;0;0;0
IdStringProvider;0;82;299;14;91;0;0;7;117;30;0;0;0;0;0;0;0;0;0;0
XmlDocLoader;0;15;96;1;19;0;0;2;54;8;0;0;0;0;0;0;0;0;0;0
XmlDocumentationProvider;0;49;309;14;48;0;0;1;114;87;0;0;0;0;0;0;0;0;0;0
AsyncAwaitDecompiler;1;278;740;16;302;0;0;37;331;46;0;4;4;0;0;0;2;0;0;0
AwaitInCatchTransform;0;46;130;14;49;0;0;17;54;2;0;0;0;0;0;0;0;0;0;0
AwaitInFinallyTransform;0;77;164;18;79;0;0;16;81;0;0;0;0;0;0;0;0;0;0;0
YieldReturnDecompiler;0;245;760;21;264;0;0;32;385;0;1;11;13;0;15;0;1;0;0;0
ResourceMemoryStream;0;1;9;10;0;3;0;0;1;0;0;0;0;0;0;0;0;0;0;0
FullTypeNameSignatureDecoder;0;1;65;0;14;0;0;1;23;91;0;0;0;0;0;0;0;0;0;0
GenericContext;0;9;47;0;12;0;0;8;24;0;0;0;0;0;0;0;0;0;0;0
DotNetCorePathFinder;0;31;147;0;31;0;0;4;67;21;2;4;4;0;3;0;0;0;0;0
DotNetCorePathFinderExtensions;0;10;38;17;10;0;0;0;15;0;0;0;0;0;0;0;0;0;0;0
ReferenceLoadInfo;0;5;41;0;7;0;0;2;16;0;2;1;1;0;0;0;0;0;0;0
JsonArray;0;6;92;37;8;0;0;4;23;0;0;0;0;0;0;0;0;0;0;0
JsonObject;0;7;130;35;12;0;0;5;27;0;0;0;0;0;0;0;0;0;0;0
JsonParseException;0;5;39;48;5;1;0;0;6;0;0;0;0;0;0;0;0;0;0;0
JsonReader;0;64;304;5;79;0;0;4;131;0;0;0;0;0;0;0;0;0;0;0
TextScanner;0;23;135;23;31;0;0;1;39;0;0;0;0;0;0;0;0;0;0;0
MethodSemanticsLookup;0;7;60;1;2;0;0;3;24;1;0;0;0;0;0;0;0;0;0;0
ILOpCodeExtensions;0;5;62;1;8;0;0;0;11;4;0;0;0;0;0;0;0;0;0;0
PEFile;0;19;134;4;23;0;0;42;57;28;0;1;1;0;0;0;0;0;0;0
SignatureBlobComparer;0;55;157;21;62;0;0;0;50;15;0;0;0;0;0;0;0;0;0;0
UniversalAssemblyResolver;0;109;442;2;135;0;0;3;190;305;0;3;3;0;2;0;0;0;0;0
UnresolvedAssemblyNameReference;0;1;10;0;0;0;0;1;3;0;9;1;1;0;1;0;0;0;0;0
DynamicInstruction;0;11;56;0;15;0;0;4;25;3;0;0;0;0;0;0;0;0;0;0
DynamicConvertInstruction;0;1;31;0;3;0;0;3;14;3;0;0;0;0;0;0;0;0;0;0
DynamicInvokeMemberInstruction;0;6;42;0;7;0;0;3;18;1;0;0;0;0;0;0;0;0;0;0
DynamicGetMemberInstruction;0;2;28;0;3;0;0;3;11;1;0;0;0;0;0;0;0;0;0;0
DynamicSetMemberInstruction;0;4;36;0;5;0;0;3;11;1;0;0;0;0;0;0;0;0;0;0
DynamicGetIndexInstruction;0;3;27;0;4;0;0;2;14;1;0;0;0;0;0;0;0;0;0;0
DynamicSetIndexInstruction;0;3;27;0;4;0;0;2;14;1;0;0;0;0;0;0;0;0;0;0
DynamicInvokeConstructorInstruction;0;3;27;0;4;0;0;2;14;1;0;0;0;0;0;0;0;0;0;0
DynamicBinaryOperatorInstruction;0;4;36;0;5;0;0;4;12;1;0;0;0;0;0;0;0;0;0;0
DynamicLogicOperatorInstruction;0;4;42;0;6;0;0;4;14;3;0;0;0;0;0;0;0;0;0;0
DynamicUnaryOperatorInstruction;0;5;41;2;4;0;0;3;12;1;0;0;0;0;0;0;0;0;0;0
DynamicInvokeInstruction;0;3;26;0;4;0;0;2;13;1;0;0;0;0;0;0;0;0;0;0
DynamicIsEventInstruction;0;1;25;0;2;0;0;3;10;1;0;0;0;0;0;0;0;0;0;0
ILAstWritingOptions;0;6;52;18;3;0;0;84;9;0;0;0;0;0;0;0;0;0;0;0
LdFlda;0;7;20;4;7;1;0;18;5;0;0;0;0;0;0;0;0;0;0;0
NullableUnwrap;0;4;36;38;4;0;0;4;15;0;2;1;1;0;0;0;0;0;0;0
NullableRewrap;0;2;22;12;2;0;0;3;5;0;0;0;0;0;0;0;0;0;0;0
StLoc;0;3;12;42;3;1;0;47;6;0;0;0;0;0;0;0;0;0;0;0
CallIndirect;0;13;118;5;22;1;0;11;42;0;1;2;2;0;0;0;0;0;0;0
DefaultValue;0;1;4;50;0;2;0;13;0;0;0;0;0;0;0;0;0;0;0;0
DynamicCallSiteTransform;0;166;489;6;170;0;0;17;160;0;0;1;1;0;0;0;0;0;0;0
EarlyExpressionTransforms;0;14;75;5;21;1;0;12;37;16;0;0;0;0;0;0;0;0;0;0
ExpressionTreeCast;0;2;21;0;2;0;0;2;10;0;0;0;0;0;0;0;0;0;0;0
HighLevelLoopTransform;1;65;264;21;76;0;0;14;113;30;1;2;4;0;2;0;1;0;0;0
NamedArgumentTransform;0;27;87;16;30;0;0;12;34;0;1;1;1;0;0;0;0;0;0;0
IntroduceDynamicTypeOnLocals;0;11;24;0;11;0;0;8;4;0;0;0;0;0;0;0;0;0;0;0
NullPropagationStatementTransform;0;2;9;0;2;0;0;3;3;0;0;0;0;0;0;0;0;0;0;0
ProxyCallReplacer;0;27;83;5;29;0;0;13;24;1;0;0;0;0;0;0;0;0;0;0
StringToInt;0;4;36;0;5;1;0;12;14;1;0;0;0;0;0;0;0;0;0;0
UsingInstruction;0;1;17;0;1;1;0;14;12;0;0;0;0;0;0;0;0;0;0;0
InlineReturnTransform;0;15;46;26;16;0;0;9;13;0;0;0;0;0;0;0;0;0;0;0
SwitchOnNullableTransform;0;48;121;19;51;0;0;11;52;0;0;0;0;0;0;0;0;0;0;0
SwitchOnStringTransform;1;31;74;2;34;0;0;12;35;2;2;2;2;0;3;0;0;0;0;0
TransformExpressionTrees;1;367;1054;1;410;0;0;26;430;0;1;11;11;0;3;0;0;0;0;0
TupleTransform;0;17;55;15;18;0;0;4;12;0;0;0;0;0;0;0;0;0;0;0
UsingTransform;0;108;195;23;114;0;0;15;94;0;5;11;11;0;0;0;6;0;0;0
ControlFlowGraph;0;15;77;44;18;0;0;16;26;0;0;0;0;0;0;0;0;0;0;0
StateRangeAnalysis;0;38;138;25;39;0;0;20;54;0;0;0;0;0;0;0;0;0;0;0
SymbolicAnalysisFailedException;0;1;5;0;0;1;0;2;2;0;0;0;0;0;0;0;0;0;0;0
SymbolicEvaluationContext;0;25;63;7;26;0;0;6;27;0;0;0;0;0;0;0;0;0;0;0
Await;0;1;5;0;0;1;0;13;0;0;0;0;0;0;0;0;0;0;0;0
ILVariableCollection;0;12;92;7;22;0;0;25;26;0;0;0;0;0;0;0;0;0;0;0
LockInstruction;0;1;15;0;1;1;0;11;10;0;0;0;0;0;0;0;0;0;0;0
NullCoalescingInstruction;0;3;43;4;5;1;0;12;16;0;0;0;0;0;0;0;0;0;0;0
ThreeValuedBoolAnd;0;2;10;0;2;0;0;0;3;0;0;0;0;0;0;0;0;0;0;0
ThreeValuedBoolOr;0;2;10;0;2;0;0;0;3;0;0;0;0;0;0;0;0;0;0;0
UserDefinedLogicOperator;0;1;13;7;1;0;0;3;2;0;0;0;0;0;0;0;0;0;0;0
PatternInstruction;0;1;25;0;4;1;2;3;9;1;0;0;0;0;0;0;0;0;0;0
AnyNode;0;2;16;0;2;2;0;7;3;0;0;0;0;0;0;0;0;0;0;0
AssignVariableNames;0;163;483;4;182;0;0;27;202;120;3;13;17;0;5;0;5;0;0;0
DetectCatchWhenConditionBlocks;0;37;78;33;40;0;0;8;40;0;0;0;0;0;0;0;0;0;0;0
LockTransform;0;88;164;37;98;0;0;9;68;0;0;0;0;0;0;0;0;0;0;0
NullableLiftingStatementTransform;0;1;7;0;1;0;0;2;3;0;0;0;0;0;0;0;0;0;0;0
NullCoalescingTransform;1;8;27;28;9;0;0;6;13;1;0;0;0;0;0;0;0;0;0;0
StatementTransformContext;0;3;21;36;4;1;0;16;5;0;0;0;0;0;0;0;0;0;0;0
StatementTransform;0;10;49;0;10;0;0;3;12;0;0;0;0;0;0;0;0;0;0;0
TransformCollectionAndObjectInitializers;0;67;159;16;70;0;0;20;59;0;1;3;3;0;2;0;0;0;0;0
ILInstructionMatchComparer;0;6;18;0;7;0;0;4;7;1;0;0;0;0;0;0;0;0;0;0
TextTokenWriter;0;95;331;6;111;1;0;32;126;0;1;4;4;0;0;0;0;0;0;0
PortablePdbWriter;0;23;185;4;28;0;0;8;114;13;3;6;6;0;3;0;1;0;0;0
InterpolatedStringResolveResult;0;1;15;0;1;1;0;1;2;0;0;0;0;0;0;0;0;0;0;0
SRMExtensions;0;75;393;1;113;0;0;4;213;608;0;0;0;0;0;0;0;0;0;0
SRMExtensions;0;3;15;0;3;0;0;4;9;0;0;0;0;0;0;0;0;0;0;0
ApplyAttributeTypeVisitor;0;49;202;1;57;1;0;15;58;4;2;6;6;0;0;0;1;0;0;0
CustomAttribute;0;7;75;3;8;0;0;3;17;1;2;2;2;0;0;0;0;0;0;0
DecimalConstantHelper;0;12;44;4;15;0;0;4;11;4;0;0;0;0;0;0;0;0;0;0
DecoratedType;0;1;73;0;16;0;1;3;29;1;0;0;0;0;0;0;0;0;0;0
DefaultTypeParameter;0;6;60;1;1;1;0;1;4;0;0;0;0;0;0;0;0;0;0;0
FakeMember;0;7;50;0;3;0;2;5;9;3;0;0;0;0;0;0;0;0;0;0
FakeField;0;1;16;0;2;1;0;3;4;1;0;0;0;0;0;0;0;0;0;0
FakeMethod;0;1;40;0;4;1;0;6;9;3;0;0;0;0;0;0;0;0;0;0
KnownAttributes;0;4;67;11;6;0;0;2;86;1;1;1;1;0;0;0;0;0;0;0
MetadataField;0;33;190;3;23;0;0;14;63;0;0;0;0;0;0;0;0;0;0;0
MetadataMethod;1;68;366;1;58;0;0;16;116;0;0;0;0;0;0;0;0;0;0;0
MetadataNamespace;0;7;61;0;4;0;0;3;13;1;0;0;0;0;0;0;0;0;0;0
MetadataParameter;0;22;129;2;18;0;0;5;47;0;0;0;0;0;0;0;0;0;0;0
MetadataEvent;0;20;100;0;11;0;0;9;37;3;1;2;2;0;0;0;0;0;0;0
MetadataProperty;0;53;187;1;45;0;0;13;54;25;1;2;2;0;0;0;0;0;0;0
MetadataTypeDefinition;0;124;551;1;86;0;0;20;200;131;0;3;3;0;0;0;0;0;0;0
MetadataTypeParameter;0;24;160;0;31;1;0;10;53;0;0;0;0;0;0;0;0;0;0;0
SpecializedParameter;0;2;31;0;3;0;0;1;8;1;0;0;0;0;0;0;0;0;0;0
ThreeState;0;2;7;0;2;0;0;3;1;0;0;0;0;0;0;0;0;0;0;0
MetadataModule;0;116;588;8;146;0;0;38;243;122;0;5;5;0;0;0;4;0;1;0
ModifiedType;0;10;94;0;23;2;0;10;41;0;0;0;0;0;0;0;0;0;0;0
PinnedType;0;2;18;0;2;2;0;5;4;0;0;0;0;0;0;0;0;0;0;0
MetadataExtensions;0;66;213;4;76;0;0;5;58;41;0;0;0;0;0;0;0;0;0;0
TupleResolveResult;0;3;23;0;4;1;0;2;8;1;8;2;2;0;0;0;0;0;0;0
NormalizeTypeVisitor;0;13;83;6;20;1;0;13;29;22;0;0;0;0;0;0;0;0;0;0
NullabilityAnnotatedType;0;11;52;3;12;1;1;7;17;0;0;0;0;0;0;0;0;0;0;0
NullabilityAnnotatedTypeParameter;0;1;24;0;1;2;0;1;3;0;0;0;0;0;0;0;0;0;0;0
TupleType;0;41;236;14;59;1;0;11;78;117;0;0;0;0;0;0;0;0;0;0
TupleTypeReference;0;2;26;18;2;0;0;0;8;0;3;1;1;0;0;0;0;0;0;0
TupleTypeExtensions;0;2;7;0;2;0;0;2;1;0;0;0;0;0;0;0;0;0;0;0
TypeProvider;0;10;114;0;28;0;0;13;58;123;0;0;0;0;0;0;0;0;0;0
GraphVizGraph;0;15;86;0;25;0;0;4;47;17;0;0;0;0;0;0;0;0;0;0
GraphVizEdge;0;3;34;8;1;0;0;2;14;0;0;0;0;0;0;0;0;0;0;0
GraphVizNode;0;2;32;11;1;0;0;2;13;0;0;0;0;0;0;0;0;0;0;0
KeyComparer;0;1;23;0;5;0;0;2;11;1;0;0;0;0;0;0;0;0;0;0
LongDict;0;1;8;0;1;0;0;2;3;0;11;1;1;0;1;0;0;0;0;0
ResourcesFile;0;75;357;13;72;0;0;3;135;31;0;0;0;0;0;0;0;0;0;0
ResourceSerializedObject;0;1;20;23;2;0;0;2;6;0;0;0;0;0;0;0;0;0;0;0
ResXResourceWriter;0;68;405;1;83;0;0;2;214;0;0;0;0;0;0;0;0;0;0;0
NewLine;0;68;196;26;75;0;0;4;12;0;0;0;0;0;0;0;0;0;0;0
ControlFlowNode;1;22;128;36;18;0;0;13;41;4;3;4;4;0;2;0;0;0;0;0
DataFlowVisitor;0;20;290;31;46;1;0;18;167;133;0;0;0;0;0;0;0;0;0;0
DefiniteAssignmentVisitor;0;13;136;20;24;2;0;17;61;128;0;0;0;0;0;0;0;0;0;0
Dominance;0;24;74;36;26;0;0;4;15;3;1;1;1;0;0;0;0;0;0;0
ReachingDefinitionsVisitor;0;27;200;42;28;2;0;11;78;89;0;1;1;0;0;0;0;0;0;0
AbstractAnnotatable;0;25;134;16;26;0;1;1;30;0;0;1;1;0;0;0;0;0;0;0
ConditionDetection;0;91;332;38;113;0;0;16;162;27;0;2;2;0;0;0;1;0;1;0
ControlFlowSimplification;0;51;137;20;58;0;0;13;69;0;1;2;2;0;2;0;0;0;0;0
DetectPinnedRegions;0;157;455;19;175;0;0;24;191;0;0;4;4;0;2;0;0;0;0;0
DetectExitPoints;0;43;158;16;54;1;0;15;53;30;0;0;0;0;0;0;0;0;0;0
LoopDetection;1;66;266;46;77;0;0;10;120;0;5;15;15;0;7;0;1;0;0;0
SwitchAnalysis;0;60;226;25;69;0;0;10;109;16;0;0;0;0;0;0;0;0;0;0
SwitchDetection;0;84;286;31;82;0;0;21;152;57;10;23;34;0;8;0;13;0;0;0
SimpleInstruction;0;4;45;0;9;1;26;26;11;15;0;0;0;0;0;0;0;0;0;0
UnaryInstruction;0;7;71;0;13;1;16;19;21;9;0;0;0;0;0;0;0;0;0;0
BinaryInstruction;0;10;91;0;16;1;6;10;27;9;0;0;0;0;0;0;0;0;0;0
CallInstruction;0;4;52;0;9;1;4;25;16;15;3;2;2;0;0;0;0;0;0;0
PatternInstruction;0;1;7;0;0;1;2;3;1;0;0;0;0;0;0;0;0;0;0;0
InvalidBranch;0;1;32;0;5;2;0;12;9;3;0;0;0;0;0;0;0;0;0;0
InvalidExpression;0;1;32;0;5;2;0;12;9;3;0;0;0;0;0;0;0;0;0;0
Nop;0;1;24;0;4;2;0;15;8;1;0;0;0;0;0;0;0;0;0;0
ILFunction;0;8;69;0;16;1;0;71;22;15;0;0;0;0;0;0;0;0;0;0
BlockContainer;0;2;21;0;5;1;0;56;8;1;0;0;0;0;0;0;0;0;0;0
Block;0;4;20;0;7;1;0;70;9;1;0;0;0;0;0;0;0;0;0;0
PinnedRegion;0;17;146;0;28;1;0;19;53;28;0;0;0;0;0;0;0;0;0;0
BinaryNumericInstruction;0;7;20;0;10;2;0;19;9;1;0;0;0;0;0;0;0;0;0;0
CompoundAssignmentInstruction;0;16;90;1;24;1;0;15;29;15;0;0;0;0;0;0;0;0;0;0
BitNot;0;4;20;0;7;2;0;10;8;1;0;0;0;0;0;0;0;0;0;0
Arglist;0;1;24;0;4;2;0;10;8;1;0;0;0;0;0;0;0;0;0;0
Branch;0;2;30;0;6;2;0;34;8;3;0;0;0;0;0;0;0;0;0;0
Leave;0;9;68;0;17;1;0;32;21;15;0;0;0;0;0;0;0;0;0;0
IfInstruction;0;16;101;0;24;1;0;32;31;15;0;0;0;0;0;0;0;0;0;0
NullCoalescingInstruction;0;12;84;0;20;1;0;12;26;15;0;0;0;0;0;0;0;0;0;0
SwitchInstruction;0;4;21;0;7;1;0;24;9;1;0;0;0;0;0;0;0;0;0;0
SwitchSection;0;10;68;0;18;1;0;17;22;15;0;0;0;0;0;0;0;0;0;0
TryCatch;0;3;20;0;6;2;0;20;9;1;0;0;0;0;0;0;0;0;0;0
TryCatchHandler;0;15;118;0;23;1;0;26;37;24;0;0;0;0;0;0;0;0;0;0
TryFinally;0;3;20;0;6;2;0;19;9;1;0;0;0;0;0;0;0;0;0;0
TryFault;0;3;20;0;6;2;0;13;9;1;0;0;0;0;0;0;0;0;0;0
LockInstruction;0;12;99;0;21;1;0;11;28;16;0;0;0;0;0;0;0;0;0;0
UsingInstruction;0;17;134;0;27;1;0;14;43;31;0;0;0;0;0;0;0;0;0;0
DebugBreak;0;1;33;0;5;2;0;9;9;3;0;0;0;0;0;0;0;0;0;0
Comp;0;6;20;0;9;2;0;23;9;1;0;0;0;0;0;0;0;0;0;0
Call;0;1;18;0;3;2;0;24;7;0;0;0;0;0;0;0;0;0;0;0
CallVirt;0;1;18;0;3;2;0;14;7;0;0;0;0;0;0;0;0;0;0;0
CallIndirect;0;4;20;0;7;1;0;11;10;1;0;0;0;0;0;0;0;0;0;0
Ckfinite;0;2;33;0;6;2;0;9;11;3;0;0;0;0;0;0;0;0;0;0
Conv;0;7;20;0;10;2;0;14;8;1;0;0;0;0;0;0;0;0;0;0
LdLoc;0;6;75;0;12;2;0;38;29;1;0;0;0;0;0;0;0;0;0;0
LdLoca;0;6;66;0;11;2;0;25;28;0;0;0;0;0;0;0;0;0;0;0
StLoc;0;13;126;0;24;1;0;47;46;28;0;0;0;0;0;0;0;0;0;0
AddressOf;0;8;89;0;18;1;0;11;29;16;0;0;0;0;0;0;0;0;0;0
ThreeValuedLogicAnd;0;3;24;0;6;2;0;10;10;1;0;0;0;0;0;0;0;0;0;0
ThreeValuedLogicOr;0;3;24;0;6;2;0;10;10;1;0;0;0;0;0;0;0;0;0;0
LdStr;0;2;33;0;6;2;0;12;13;1;0;0;0;0;0;0;0;0;0;0
LdcI4;0;2;33;0;6;2;0;13;13;1;0;0;0;0;0;0;0;0;0;0
LdcI8;0;2;33;0;6;2;0;12;13;1;0;0;0;0;0;0;0;0;0;0
LdcF;0;2;33;0;6;2;0;12;13;1;0;0;0;0;0;0;0;0;0;0
LdcDecimal;0;2;33;0;6;2;0;13;13;1;0;0;0;0;0;0;0;0;0;0
LdNull;0;1;24;0;4;2;0;10;8;1;0;0;0;0;0;0;0;0;0;0
LdFtn;0;2;34;2;6;2;0;10;14;1;0;0;0;0;0;0;0;0;0;0
LdVirtFtn;0;3;46;2;8;2;0;10;20;4;0;0;0;0;0;0;0;0;0;0
LdTypeToken;0;2;37;2;6;2;0;11;15;1;0;0;0;0;0;0;0;0;0;0
LdMemberToken;0;2;34;2;6;2;0;10;14;1;0;0;0;0;0;0;0;0;0;0
LocAlloc;0;2;33;0;6;2;0;10;11;3;0;0;0;0;0;0;0;0;0;0
Cpblk;0;20;135;1;30;1;0;11;45;16;0;0;0;0;0;0;0;0;0;0
Initblk;0;20;135;1;30;1;0;11;45;16;0;0;0;0;0;0;0;0;0;0
LdFlda;0;12;95;2;20;1;0;18;33;16;0;0;0;0;0;0;0;0;0;0
LdsFlda;0;2;34;2;6;2;0;14;14;1;0;0;0;0;0;0;0;0;0;0
CastClass;0;3;49;2;8;2;0;13;22;4;0;0;0;0;0;0;0;0;0;0
IsInst;0;3;40;2;7;2;0;11;19;1;0;0;0;0;0;0;0;0;0;0
LdObj;0;13;103;2;23;1;0;23;36;16;0;0;0;0;0;0;0;0;0;0
StObj;0;17;123;2;27;1;0;26;43;16;0;0;0;0;0;0;0;0;0;0
Box;0;3;49;2;8;2;0;12;21;4;0;0;0;0;0;0;0;0;0;0
Unbox;0;3;49;2;8;2;0;11;21;4;0;0;0;0;0;0;0;0;0;0
UnboxAny;0;3;49;2;8;2;0;13;22;4;0;0;0;0;0;0;0;0;0;0
NewObj;0;1;19;0;3;2;0;20;8;0;0;0;0;0;0;0;0;0;0;0
NewArr;0;8;90;1;18;1;0;15;35;34;2;2;2;0;0;0;0;0;0;0
DefaultValue;0;2;37;2;6;2;0;13;16;1;0;0;0;0;0;0;0;0;0;0
Throw;0;2;33;0;6;2;0;11;11;3;0;0;0;0;0;0;0;0;0;0
Rethrow;0;1;33;0;5;2;0;11;9;3;0;0;0;0;0;0;0;0;0;0
SizeOf;0;2;37;2;6;2;0;11;15;1;0;0;0;0;0;0;0;0;0;0
LdLen;0;8;76;0;17;1;0;11;22;16;0;0;0;0;0;0;0;0;0;0
LdElema;0;15;112;2;24;1;0;17;42;16;1;2;2;0;0;0;0;0;0;0
ArrayToPointer;0;8;89;0;18;1;0;12;29;16;0;0;0;0;0;0;0;0;0;0
StringToInt;0;8;77;0;17;1;0;12;22;16;0;0;0;0;0;0;0;0;0;0
MakeRefAny;0;3;40;2;7;2;0;11;19;1;0;0;0;0;0;0;0;0;0;0
RefAnyType;0;2;24;0;5;2;0;10;9;1;0;0;0;0;0;0;0;0;0;0
RefAnyValue;0;3;49;2;8;2;0;11;21;4;0;0;0;0;0;0;0;0;0;0
YieldReturn;0;8;89;0;18;1;0;12;29;16;0;0;0;0;0;0;0;0;0;0
Await;0;9;89;0;18;1;0;13;30;16;0;0;0;0;0;0;0;0;0;0
AnyNode;0;4;40;0;9;2;0;7;14;15;0;0;0;0;0;0;0;0;0;0
ILVisitor;0;1;296;0;74;0;4;154;147;2701;0;0;0;0;0;0;0;0;0;0
InstructionOutputExtensions;0;1;79;0;0;0;0;4;0;0;0;0;0;0;0;0;0;0;0;0
ILInstruction;0;51;543;0;100;0;57;229;50;1205;0;0;0;0;0;0;0;0;0;0
ComparisonKindExtensions;0;16;49;0;19;0;0;1;8;0;0;0;0;0;0;0;0;0;0;0
Comp;0;11;83;7;12;2;0;23;36;0;0;0;0;0;0;0;0;0;0;0
BinaryNumericInstruction;0;32;118;20;32;2;0;19;32;4;0;0;0;0;0;0;0;0;0;0
Block;0;25;175;18;38;1;0;70;64;0;0;1;1;0;0;0;0;0;0;0
BlockContainer;0;52;252;6;64;1;0;56;101;22;1;3;3;0;0;0;0;0;0;0
Branch;0;14;74;7;11;2;0;34;22;0;0;0;0;0;0;0;0;0;0;0
CallInstruction;0;29;100;20;32;1;4;25;36;0;0;0;0;0;0;0;0;0;0;0
Call;0;2;12;29;0;2;0;24;2;0;0;0;0;0;0;0;0;0;0;0
CompoundAssignmentInstruction;0;5;24;4;5;1;0;15;2;0;0;0;0;0;0;0;0;0;0;0
NumericCompoundAssign;0;27;108;16;24;0;0;7;30;0;0;0;0;0;0;0;0;0;0;0
UserDefinedCompoundAssign;0;7;34;2;5;0;0;4;21;1;0;0;0;0;0;0;0;0;0;0
DynamicCompoundAssign;0;21;60;0;22;0;0;5;17;0;0;0;0;0;0;0;0;0;0;0
Conv;0;62;200;20;60;2;0;14;34;0;0;0;0;0;0;0;0;0;0;0
IfInstruction;0;17;88;3;21;1;0;32;42;9;0;0;0;0;0;0;0;0;0;0
ILFunction;1;27;164;15;29;1;0;71;69;13;1;3;3;0;2;0;0;0;0;0
ILInstruction;0;42;381;40;74;0;57;229;129;694;0;0;0;0;0;0;0;0;0;0
InstructionCollection;0;39;294;14;61;0;0;3;99;0;0;0;0;0;0;0;0;0;0;0
LdLen;0;3;23;0;1;1;0;11;10;0;0;0;0;0;0;0;0;0;0;0
Leave;0;14;69;14;11;1;0;32;21;0;0;0;0;0;0;0;0;0;0;0
LdObj;0;4;23;0;4;1;0;23;13;0;0;0;0;0;0;0;0;0;0;0
StObj;0;4;28;0;4;1;0;26;18;0;0;0;0;0;0;0;0;0;0;0
ILInstruction;0;92;410;10;131;0;57;229;67;398;0;0;0;0;0;0;0;0;0;0
SimpleInstruction;0;1;8;11;1;1;26;26;3;0;0;0;0;0;0;0;0;0;0;0
Nop;0;3;16;5;3;2;0;15;8;0;0;0;0;0;0;0;0;0;0;0
InvalidBranch;0;2;22;0;2;2;0;12;8;0;0;0;0;0;0;0;0;0;0;0
InvalidExpression;0;2;23;0;2;2;0;12;8;0;0;0;0;0;0;0;0;0;0;0
SwitchInstruction;0;12;103;4;19;1;0;24;46;0;0;1;1;0;0;0;0;0;0;0
SwitchSection;0;3;36;14;4;1;0;17;14;0;0;0;0;0;0;0;0;0;0;0
TryInstruction;0;1;16;0;0;1;6;8;4;0;0;0;0;0;0;0;0;0;0;0
TryCatch;0;6;66;0;12;2;0;20;22;0;1;1;1;0;0;0;0;0;0;0
TryCatchHandler;0;2;37;2;4;1;0;26;18;0;0;0;0;0;0;0;0;0;0;0
TryFinally;0;10;81;1;16;2;0;19;23;9;0;0;0;0;0;0;0;0;0;0
TryFault;0;10;79;1;16;2;0;13;23;9;0;0;0;0;0;0;0;0;0;0
BitNot;0;3;36;0;4;2;0;10;13;1;0;0;0;0;0;0;0;0;0;0
CaptureGroup;0;1;1;0;0;0;0;1;0;0;0;0;0;0;0;0;0;0;0;0
SlotInfo;0;1;17;34;1;0;0;44;3;0;0;0;0;0;0;0;0;0;0;0
BlockTransformContext;0;1;9;68;0;1;0;18;1;0;0;0;0;0;0;0;0;0;0;0
BlockILTransform;0;4;42;8;6;0;0;10;24;3;2;1;1;0;0;0;0;0;0;0
CachedDelegateInitialization;0;71;122;21;75;0;0;12;65;0;2;3;3;0;0;0;3;0;0;0
CopyPropagation;0;22;80;16;25;0;0;14;30;0;0;0;0;0;0;0;0;0;0;0
ILTransformContext;0;1;52;11;4;0;2;46;17;6;0;0;0;0;0;0;0;0;0;0
ILInlining;0;122;441;22;143;0;0;35;108;152;0;1;1;0;0;0;0;0;0;0
ExpressionTransforms;1;83;301;8;103;1;0;25;154;44;0;0;0;0;0;0;0;0;0;0
LoopingBlockTransform;0;3;29;0;3;0;0;2;6;0;0;0;0;0;0;0;0;0;0;0
DelegateConstruction;1;56;254;5;46;0;0;24;125;96;2;6;6;0;1;0;0;0;0;0
RemoveDeadVariableInit;0;25;50;15;25;0;0;12;15;0;0;0;0;0;0;0;0;0;0;0
SplitVariables;0;41;154;26;36;0;0;15;44;26;0;0;0;0;0;0;0;0;0;0
StepLimitReachedException;0;1;3;0;0;1;0;0;0;0;0;0;0;0;0;0;0;0;0;0
Stepper;0;7;71;18;10;0;0;3;22;0;0;0;0;0;0;0;0;0;0;0
TransformArrayInitializers;0;175;607;3;197;0;0;20;292;73;5;21;33;0;0;0;18;0;0;2
DisassemblerHelpers;1;125;447;1;145;0;0;14;216;64;0;0;0;0;0;0;0;0;0;0
ILStructure;0;43;172;17;31;0;0;7;52;9;1;2;2;0;2;0;2;0;0;0
MethodBodyDisassembler;0;96;427;7;106;0;0;8;194;0;0;0;0;0;0;0;0;0;0;0
ReflectionDisassembler;1;295;1492;6;309;0;0;8;792;247;0;1;1;0;0;0;3;0;0;0
DisassemblerSignatureProvider;0;48;218;0;62;0;0;5;98;0;37;30;129;0;52;0;27;0;0;4
SemanticHelper;0;11;42;28;14;0;0;19;16;4;4;2;2;0;0;0;0;0;0;0
BlockBuilder;0;40;195;7;45;0;0;14;120;0;1;3;3;0;0;0;1;0;0;0
ILOpCodeExtensions;0;1;5;16;0;0;0;0;0;0;0;0;0;0;0;0;0;0;0;0
ILReader;0;425;1465;4;475;0;0;30;1025;1079;0;0;0;0;0;0;0;0;1;0
ILTypeExtensions;0;49;160;11;54;0;0;22;25;7;0;0;0;0;0;0;0;0;0;0
VariableKindExtensions;0;3;17;0;3;0;0;0;1;0;0;0;0;0;0;0;0;0;0;0
ILVariable;0;41;199;36;41;0;0;70;69;70;0;0;0;0;0;0;0;0;0;0
ILVariableEqualityComparer;0;11;27;0;12;0;0;6;6;0;0;0;0;0;0;0;0;0;0;0
InstructionOutputExtensions;0;74;328;0;81;0;0;4;204;1;0;0;0;0;0;0;0;0;0;0
TransformAssignment;1;147;369;26;161;0;0;19;161;51;0;0;0;0;0;0;0;0;0;0
NRExtensions;0;13;58;0;16;0;0;1;26;15;0;0;0;0;0;0;0;0;0;0
TextOutputExtensions;0;1;16;0;3;0;0;0;9;1;0;0;0;0;0;0;0;0;0;0
PlainTextOutput;0;7;98;0;18;0;0;2;35;27;0;0;0;0;0;0;0;0;0;0
TextOutputWithRollback;0;2;72;0;14;0;0;2;40;0;14;12;12;0;0;0;0;0;0;0
TextOutputWriter;0;2;25;0;3;2;0;0;9;0;0;0;0;0;0;0;0;0;0;0
AmbiguousTypeResolveResult;0;1;9;0;0;2;0;1;1;0;0;0;0;0;0;0;0;0;0;0
AmbiguousMemberResolveResult;0;1;9;0;0;2;0;2;1;0;0;0;0;0;0;0;0;0;0;0
ArrayAccessResolveResult;0;3;18;0;1;1;0;1;5;0;0;0;0;0;0;0;0;0;0;0
ArrayCreateResolveResult;0;3;20;25;2;1;0;3;4;0;0;0;0;0;0;0;0;0;0;0
ByReferenceResolveResult;0;3;30;0;4;1;0;4;8;1;0;0;0;0;0;0;0;0;0;0
ConstantResolveResult;0;1;18;0;1;1;0;4;4;0;0;0;0;0;0;0;0;0;0;0
Conversion;0;39;405;16;11;0;1;13;63;22;0;1;1;0;0;0;0;0;0;0
ConversionResolveResult;0;3;28;9;1;1;1;5;5;0;0;0;0;0;0;0;0;0;0;0
ErrorResolveResult;0;1;17;15;0;1;0;8;3;0;0;0;0;0;0;0;0;0;0;0
ForEachResolveResult;0;5;27;44;0;1;0;2;5;0;0;0;0;0;0;0;0;0;0;0
InitializedObjectResolveResult;0;1;6;0;0;1;0;2;1;0;0;0;0;0;0;0;0;0;0;0
InvocationResolveResult;0;1;27;32;2;2;1;3;6;0;0;0;0;0;0;0;0;0;0;0
LocalResolveResult;0;7;37;0;7;1;0;4;7;1;0;0;0;0;0;0;0;0;0;0
MemberResolveResult;0;11;90;9;7;1;2;12;14;3;0;0;0;0;0;0;0;0;0;0
NamedArgumentResolveResult;0;5;33;29;1;1;0;2;7;0;0;0;0;0;0;0;0;0;0;0
NamespaceResolveResult;0;1;18;0;1;1;1;7;4;0;0;0;0;0;0;0;0;0;0;0
OperatorResolveResult;0;3;41;24;1;1;0;5;5;0;0;0;0;0;0;0;0;0;0;0
ResolveResult;0;2;36;0;3;0;28;54;8;3;0;0;0;0;0;0;0;0;0;0
SizeOfResolveResult;0;2;31;8;0;1;0;1;2;0;0;0;0;0;0;0;0;0;0;0
ThisResolveResult;0;1;11;21;0;1;0;4;1;0;0;0;0;0;0;0;0;0;0;0
TypeIsResolveResult;0;3;15;16;0;1;0;1;3;0;0;0;0;0;0;0;0;0;0;0
TypeOfResolveResult;0;2;14;17;0;1;0;3;2;0;0;0;0;0;0;0;0;0;0;0
TypeResolveResult;0;1;10;0;0;1;2;14;1;0;0;0;0;0;0;0;0;0;0;0
UnknownMemberResolveResult;0;2;31;8;1;1;1;4;7;0;0;0;0;0;0;0;0;0;0;0
UnknownMethodResolveResult;0;1;12;0;0;2;0;1;3;0;0;0;0;0;0;0;0;0;0;0
UnknownIdentifierResolveResult;0;1;24;0;1;1;0;3;4;0;0;0;0;0;0;0;0;0;0;0
ArrayType;0;22;121;3;22;2;0;20;41;0;0;0;0;0;0;0;0;0;0;0
ArrayTypeReference;0;5;38;0;6;0;0;2;12;0;0;0;0;0;0;0;0;0;0;0
ByReferenceType;0;3;39;0;6;2;0;17;10;0;0;0;0;0;0;0;0;0;0;0
ByReferenceTypeReference;0;3;31;0;5;0;0;2;10;0;0;0;0;0;0;0;0;0;0;0
ComHelper;0;7;22;21;8;0;0;2;4;1;0;0;0;0;0;0;0;0;0;0
DecompilerTypeSystem;1;67;345;9;75;0;0;7;146;56;2;10;10;0;0;0;0;0;1;0
FullTypeNameComparer;0;9;43;0;10;0;0;2;15;0;0;0;0;0;0;0;0;0;0;0
InterningProvider;0;1;32;37;5;0;0;8;11;3;0;0;0;0;0;0;0;0;0;0
FreezableHelper;0;9;45;11;14;0;0;1;16;15;0;0;0;0;0;0;0;0;0;0
AbstractFreezable;0;2;18;25;3;0;1;1;3;1;0;0;0;0;0;0;0;0;0;0
AbstractTypeParameter;0;44;290;2;49;0;2;10;71;132;0;2;2;0;0;0;0;0;0;0
AbstractType;1;2;118;0;20;0;6;8;31;66;0;0;0;0;0;0;0;0;1;0
BaseTypeCollector;0;9;24;45;9;1;0;1;9;0;0;0;0;0;0;0;0;0;0;0
DefaultAssemblyReference;0;9;51;0;9;0;0;3;13;0;0;0;0;0;0;0;0;0;0;0
DefaultAttribute;0;7;50;0;0;0;0;1;9;0;5;3;3;0;0;0;0;0;0;0
DefaultParameter;0;11;101;0;10;0;0;2;24;3;0;0;0;0;0;0;0;0;0;0
DefaultVariable;0;3;39;0;1;0;0;0;5;0;0;0;0;0;0;0;0;0;0;0
DummyTypeParameter;1;8;139;12;13;1;0;11;33;45;0;0;0;0;0;0;0;0;0;0
GetClassTypeReference;1;12;76;31;17;0;0;3;24;0;0;0;0;0;0;0;0;0;0;0
GetMembersHelper;0;46;232;0;65;0;0;7;87;49;5;13;13;0;0;0;8;0;4;0
KnownTypeCache;0;5;30;0;6;0;0;4;10;1;0;0;0;0;0;0;0;0;0;0
MergedNamespace;0;12;98;14;11;0;0;1;25;0;3;4;4;0;0;0;0;0;0;0
MinimalCorlib;0;11;215;0;7;0;0;10;52;100;1;3;3;0;0;0;0;0;0;0
NestedTypeReference;1;12;61;14;14;0;0;2;13;0;0;0;0;0;0;0;0;0;0;0
SimpleCompilation;0;16;111;2;15;0;0;4;38;2;0;0;0;0;0;0;0;0;0;0
SpecializedEvent;0;5;39;0;5;1;0;3;9;0;0;0;0;0;0;0;0;0;0;0
SpecializedField;0;5;34;0;6;1;0;4;8;1;0;0;0;0;0;0;0;0;0;0
SpecializedMember;0;16;168;9;14;0;3;8;51;0;0;1;1;0;1;0;0;0;0;0
SpecializedParameterizedMember;0;6;53;7;6;1;2;5;24;1;1;1;1;0;0;0;0;0;0;0
SpecializedMethod;0;29;189;6;24;2;0;11;66;9;0;1;1;0;1;0;0;0;0;0
SpecializedProperty;0;5;35;0;5;2;0;3;8;0;0;0;0;0;0;0;0;0;0;0
TypeParameterReference;0;14;56;6;16;0;0;8;12;0;0;0;0;0;0;0;0;0;0;0
TypeWithElementType;0;2;27;6;1;1;5;15;3;0;0;0;0;0;0;0;0;0;0;0
UnknownType;1;9;70;12;10;1;0;3;13;4;0;0;0;0;0;0;0;0;0;0
InheritanceHelper;0;40;119;15;44;0;0;6;33;6;3;4;4;0;0;0;0;0;2;0
IntersectionType;0;18;122;0;22;1;0;6;42;43;1;2;2;0;0;0;0;0;0;0
KnownTypeReference;0;20;141;6;21;0;0;14;59;4;0;0;0;0;0;0;0;0;0;0
NullableType;1;13;43;23;17;0;0;17;18;0;0;0;0;0;0;0;0;0;0;0
ParameterizedType;1;40;246;8;47;0;0;21;80;0;0;2;2;0;0;0;1;0;0;0
ParameterizedTypeReference;1;17;82;0;16;0;0;4;26;0;0;0;0;0;0;0;0;0;0;0
ParameterListComparer;0;17;59;4;19;0;0;4;11;0;0;0;0;0;0;0;0;0;0;0
SignatureComparer;0;14;44;6;14;0;0;6;9;0;0;0;0;0;0;0;0;0;0;0
PointerType;0;3;38;0;6;2;0;17;10;0;0;0;0;0;0;0;0;0;0;0
PointerTypeReference;0;3;31;0;5;0;0;2;10;0;0;0;0;0;0;0;0;0;0;0
ReflectionHelper;0;79;298;22;92;0;0;13;91;41;0;0;0;0;0;0;0;0;0;0
ReflectionNameParseException;0;1;29;3;1;1;0;0;8;0;0;0;0;0;0;0;0;0;0;0
SimpleTypeResolveContext;0;4;56;0;2;0;0;3;12;0;0;0;0;0;0;0;0;0;0;0
SpecialType;0;4;51;29;7;1;0;50;13;4;0;0;0;0;0;0;0;0;0;0
TaskType;0;10;38;22;12;0;0;2;12;0;0;0;0;0;0;0;0;0;0;0
TopLevelTypeNameComparer;0;3;21;0;4;0;0;2;9;0;0;0;0;0;0;0;0;0;0;0
TypeParameterSubstitution;0;44;154;16;53;1;0;33;46;8;0;0;0;0;0;0;0;0;0;0
TypeSystemExtensions;0;54;304;34;84;0;0;13;111;321;2;8;8;0;0;0;0;0;0;0
TypeUtils;1;101;313;19;117;0;0;6;38;16;0;0;0;0;0;0;0;0;0;0
ReferenceResolvingException;0;1;19;47;0;1;0;0;4;0;0;0;0;0;0;0;0;0;0;0
TypeVisitor;0;1;47;0;11;0;3;40;22;55;0;0;0;0;0;0;0;0;0;0
VarArgInstanceMethod;0;10;184;0;16;0;0;5;44;0;0;1;1;0;0;0;0;0;0;0
BusyManager;0;5;37;0;4;0;0;3;8;1;0;0;0;0;0;0;0;0;0;0
CacheManager;0;1;22;8;4;0;0;5;8;0;0;0;0;0;0;0;0;0;0;0
CallbackOnDispose;0;3;17;0;2;0;0;0;5;0;0;0;0;0;0;0;0;0;0;0
CollectionExtensions;0;44;262;12;79;0;0;2;101;325;0;1;1;0;0;0;0;0;0;0
BitSet;0;30;192;14;47;0;0;8;56;0;0;0;0;0;0;0;0;0;0;0
CSharpPrimitiveCast;0;293;394;2;295;0;0;5;11;1;0;0;0;0;0;0;0;0;0;0
EmptyList;0;1;70;0;13;0;0;0;20;66;0;0;0;0;0;0;0;0;0;0
Empty;0;1;4;0;0;0;0;0;0;0;0;0;0;0;0;0;0;0;0;0
ExtensionMethods;1;4;11;0;4;0;0;1;3;0;8;1;1;0;0;0;0;0;0;0
LazyInit;0;1;12;29;2;0;0;24;4;1;0;0;0;0;0;0;0;0;0;0
MultiDictionary;0;7;95;6;12;0;0;0;30;0;1;1;1;0;0;0;0;0;0;0
Platform;0;3;14;0;0;0;0;1;0;0;0;0;0;0;0;0;0;0;0;0
ProjectedList;0;5;38;0;3;0;0;1;9;0;0;0;0;0;0;0;0;0;0;0
ReferenceComparer;0;1;12;0;2;0;0;3;4;1;0;0;0;0;0;0;0;0;0;0
TreeTraversal;0;10;58;29;13;0;0;3;33;1;0;0;0;0;0;0;0;0;2;0
UnionFind;0;6;52;0;9;0;0;0;16;0;0;0;0;0;0;0;0;0;0;0
BamlElement;0;1;10;0;0;0;0;43;2;0;0;0;0;0;0;0;0;0;0;0
BamlResourceNodeFactory;0;3;15;0;4;0;0;0;4;0;0;0;0;0;0;0;0;0;0;0
BamlResourceFileHandler;0;1;13;0;2;0;0;1;9;1;0;0;0;0;0;0;0;0;0;0
BamlResourceEntryNode;1;21;104;0;27;3;0;2;73;21;20;7;26;0;0;0;13;0;0;2
BamlContext;0;13;55;0;14;0;0;14;19;1;1;1;1;0;0;0;1;0;0;0
BamlDocument;0;1;11;0;0;1;0;10;0;0;0;0;0;0;0;0;0;0;0;0
BamlNode;0;21;95;1;24;0;2;47;19;0;0;0;0;0;0;0;0;0;0;0
BamlRecordNode;0;1;6;0;0;1;0;22;1;0;0;0;0;0;0;0;0;0;0;0
BamlBlockNode;0;1;8;0;0;1;0;18;2;0;0;0;0;0;0;0;0;0;0;0
BamlBinaryReader;0;1;6;0;1;1;0;48;3;0;0;0;0;0;0;0;0;0;0;0
BamlReader;0;63;214;0;65;0;0;3;84;1;0;1;1;0;0;0;1;0;0;0
BamlRecord;0;1;6;0;2;0;23;62;2;1;0;0;0;0;0;0;0;0;0;0
SizedBamlRecord;0;5;33;0;9;1;15;18;12;10;0;0;0;0;0;0;0;0;0;0
XmlnsPropertyRecord;0;3;20;0;4;2;0;4;10;1;0;0;0;0;0;0;0;0;0;0
PresentationOptionsAttributeRecord;0;1;13;0;2;2;0;4;6;1;0;0;0;0;0;0;0;0;0;0
PIMappingRecord;0;1;16;0;2;2;0;4;8;1;0;0;0;0;0;0;0;0;0;0
AssemblyInfoRecord;0;1;13;0;2;2;0;5;6;1;0;0;0;0;0;0;0;0;0;0
PropertyRecord;0;1;13;0;2;2;1;5;6;1;0;0;0;0;0;0;0;0;0;0
PropertyWithConverterRecord;0;1;12;0;2;3;0;3;6;1;0;0;0;0;0;0;0;0;0;0
PropertyCustomRecord;0;1;17;0;2;2;0;4;8;1;0;0;0;0;0;0;0;0;0;0
DefAttributeRecord;0;1;13;0;2;2;0;4;6;1;0;0;0;0;0;0;0;0;0;0
DefAttributeKeyStringRecord;0;12;85;1;16;2;0;6;21;0;0;0;0;0;0;0;0;0;0;0
TypeInfoRecord;0;1;16;0;2;2;1;6;8;1;0;0;0;0;0;0;0;0;0;0
TypeSerializerInfoRecord;0;1;12;0;2;3;0;3;6;1;0;0;0;0;0;0;0;0;0;0
AttributeInfoRecord;0;1;19;0;2;2;0;5;10;1;0;0;0;0;0;0;0;0;0;0
StringInfoRecord;0;1;13;0;2;2;0;4;6;1;0;0;0;0;0;0;0;0;0;0
TextRecord;0;1;6;0;2;2;1;5;4;1;0;0;0;0;0;0;0;0;0;0
TextWithConverterRecord;0;1;12;0;2;3;0;3;6;1;0;0;0;0;0;0;0;0;0;0
TextWithIdRecord;0;1;6;0;2;2;0;4;4;1;0;0;0;0;0;0;0;0;0;0
LiteralContentRecord;0;1;16;0;2;2;0;4;8;1;0;0;0;0;0;0;0;0;0;0
RoutedEventRecord;0;1;14;0;2;2;0;3;6;1;0;0;0;0;0;0;0;0;0;0
DocumentStartRecord;0;1;16;0;2;1;0;3;8;1;0;0;0;0;0;0;0;0;0;0
DocumentEndRecord;0;1;7;0;2;1;0;3;2;1;0;0;0;0;0;0;0;0;0;0
ElementStartRecord;0;1;13;0;2;1;3;7;6;1;0;0;0;0;0;0;0;0;0;0
ElementEndRecord;0;1;7;0;2;1;0;3;2;1;0;0;0;0;0;0;0;0;0;0
KeyElementStartRecord;0;1;3;0;0;3;0;2;0;0;0;0;0;0;0;0;0;0;0;0
KeyElementEndRecord;0;1;7;0;2;1;0;3;2;1;0;0;0;0;0;0;0;0;0;0
ConnectionIdRecord;0;1;6;0;2;1;0;4;4;1;0;0;0;0;0;0;0;0;0;0
PropertyWithExtensionRecord;0;1;16;0;2;1;0;4;8;1;0;0;0;0;0;0;0;0;0;0
PropertyTypeReferenceRecord;0;1;12;0;2;2;0;4;6;1;0;0;0;0;0;0;0;0;0;0
PropertyStringReferenceRecord;0;1;12;0;2;2;0;3;6;1;0;0;0;0;0;0;0;0;0;0
PropertyWithStaticResourceIdRecord;0;1;12;0;2;2;0;4;6;1;0;0;0;0;0;0;0;0;0;0
ContentPropertyRecord;0;1;6;0;2;1;0;4;4;1;0;0;0;0;0;0;0;0;0;0
DefAttributeKeyTypeRecord;0;12;83;0;16;2;1;7;21;0;0;0;0;0;0;0;0;0;0;0
PropertyListStartRecord;0;1;3;0;0;2;0;2;0;0;0;0;0;0;0;0;0;0;0;0
PropertyListEndRecord;0;1;7;0;2;1;0;3;2;1;0;0;0;0;0;0;0;0;0;0
PropertyDictionaryStartRecord;0;1;3;0;0;2;0;2;0;0;0;0;0;0;0;0;0;0;0;0
PropertyDictionaryEndRecord;0;1;7;0;2;1;0;3;2;1;0;0;0;0;0;0;0;0;0;0
PropertyArrayStartRecord;0;1;3;0;0;2;0;2;0;0;0;0;0;0;0;0;0;0;0;0
PropertyArrayEndRecord;0;1;7;0;2;1;0;3;2;1;0;0;0;0;0;0;0;0;0;0
PropertyComplexStartRecord;0;1;6;0;2;1;5;9;4;1;0;0;0;0;0;0;0;0;0;0
PropertyComplexEndRecord;0;1;7;0;2;1;0;3;2;1;0;0;0;0;0;0;0;0;0;0
ConstructorParametersStartRecord;0;1;7;0;2;1;0;3;2;1;0;0;0;0;0;0;0;0;0;0
ConstructorParametersEndRecord;0;1;7;0;2;1;0;3;2;1;0;0;0;0;0;0;0;0;0;0
ConstructorParameterTypeRecord;0;1;6;0;2;1;0;4;4;1;0;0;0;0;0;0;0;0;0;0
DeferableContentStartRecord;0;1;19;0;4;1;0;5;9;0;0;0;0;0;0;0;0;0;0;0
StaticResourceStartRecord;0;1;3;0;0;2;0;2;0;0;0;0;0;0;0;0;0;0;0;0
StaticResourceEndRecord;0;1;7;0;2;1;0;3;2;1;0;0;0;0;0;0;0;0;0;0
StaticResourceIdRecord;0;1;6;0;2;1;1;5;4;1;0;0;0;0;0;0;0;0;0;0
OptimizedStaticResourceRecord;0;1;15;0;2;1;0;4;6;1;0;0;0;0;0;0;0;0;0;0
LineNumberAndPositionRecord;0;1;13;0;2;1;0;3;6;1;0;0;0;0;0;0;0;0;0;0
LinePositionRecord;0;1;6;0;2;1;0;3;4;1;0;0;0;0;0;0;0;0;0;0
NamedElementStartRecord;0;2;14;0;3;2;0;3;6;1;0;0;0;0;0;0;0;0;0;0
BamlBinaryWriter;0;1;6;0;1;1;0;48;3;0;0;0;0;0;0;0;0;0;0;0
BamlWriter;0;4;28;0;4;0;0;3;18;0;0;0;0;0;0;0;0;0;0;0
KnownThings;0;1;29;0;3;0;0;5;18;3;14;5;5;0;4;0;0;0;0;0
KnownMember;0;1;14;0;0;0;0;2;3;0;6;1;1;0;0;0;0;0;0;0
KnownThings;0;1;1278;0;5;0;0;5;1304;4;0;0;0;0;0;0;0;0;0;0
EventRegistration;0;1;4;0;0;0;0;2;0;0;0;0;0;0;0;0;0;0;0;0
BamlConnectionId;0;1;5;0;0;0;0;1;1;0;0;0;0;0;0;0;0;0;0;0
Extensions;0;3;11;0;3;0;0;0;5;0;0;0;0;0;0;0;0;0;0;0
ConstructorParametersStartHandler;0;1;10;0;1;0;0;5;6;0;0;0;0;0;0;0;0;0;0;0
DocumentHandler;0;1;9;0;1;0;0;5;5;0;0;0;0;0;0;0;0;0;0;0
ElementHandler;0;3;21;0;3;0;1;10;13;0;0;0;0;0;0;0;0;0;0;0
KeyElementStartHandler;0;1;17;0;2;1;0;8;8;1;0;0;0;0;0;0;0;0;0;0
PropertyArrayHandler;0;1;15;0;1;0;0;9;10;0;0;0;0;0;0;0;0;0;0;0
PropertyComplexHandler;0;1;15;0;1;0;0;9;10;0;0;0;0;0;0;0;0;0;0;0
PropertyDictionaryHandler;0;1;15;0;1;0;0;9;10;0;0;0;0;0;0;0;0;0;0;0
PropertyListHandler;0;1;15;0;1;0;0;9;10;0;0;0;0;0;0;0;0;0;0;0
AssemblyInfoHandler;0;1;4;0;1;0;0;3;1;0;0;0;0;0;0;0;0;0;0;0
AttributeInfoHandler;0;1;4;0;1;0;0;3;1;0;0;0;0;0;0;0;0;0;0;0
ConnectionIdHandler;0;1;8;0;1;0;0;6;3;0;0;0;0;0;0;0;0;0;0;0
ConstructorParameterTypeHandler;0;1;15;6;1;0;0;7;12;0;0;0;0;0;0;0;0;0;0;0
ContentPropertyHandler;0;1;7;12;1;0;0;6;1;0;0;0;0;0;0;0;0;0;0;0
DefAttributeHandler;0;1;9;0;1;0;0;6;5;0;0;0;0;0;0;0;0;0;0;0
DefAttributeStringHandler;0;1;17;0;2;0;0;7;8;1;0;0;0;0;0;0;0;0;0;0
DefAttributeTypeHandler;0;1;22;4;2;0;0;8;17;1;0;0;0;0;0;0;0;0;0;0
DeferableContentStartHandler;0;1;8;0;1;0;0;7;2;0;0;0;0;0;0;0;0;0;0;0
LineNumberAndPositionHandler;0;1;4;0;1;0;0;3;1;0;0;0;0;0;0;0;0;0;0;0
LinePositionHandler;0;1;4;0;1;0;0;3;1;0;0;0;0;0;0;0;0;0;0;0
LiteralContentHandler;0;1;11;0;1;0;0;6;6;0;0;0;0;0;0;0;0;0;0;0
OptimizedStaticResourceHandler;0;11;68;5;12;0;0;11;39;1;0;0;0;0;0;0;0;0;0;0
PIMappingHandler;0;1;4;0;1;0;0;3;1;0;0;0;0;0;0;0;0;0;0;0
PresentationOptionsAttributeHandler;0;1;10;0;1;0;0;6;5;0;0;0;0;0;0;0;0;0;0;0
PropertyCustomHandler;0;23;112;2;24;0;0;9;61;1;0;0;0;0;0;0;0;0;0;0
PropertyHandler;0;5;19;0;5;0;1;10;14;0;0;0;0;0;0;0;0;0;0;0
PropertyTypeReferenceHandler;0;1;21;4;1;0;0;8;20;0;0;0;0;0;0;0;0;0;0;0
PropertyWithConverterHandler;0;1;3;0;0;1;0;1;0;0;0;0;0;0;0;0;0;0;0;0
PropertyWithExtensionHandler;0;14;64;1;14;0;0;12;27;0;0;0;0;0;0;0;0;0;0;0
PropertyWithStaticResourceIdHandler;0;3;26;0;3;0;0;11;14;0;0;0;0;0;0;0;0;0;0;0
StaticResourceStartHandler;0;1;22;0;2;0;0;9;11;1;0;0;0;0;0;0;0;0;0;0
StaticResourceIdHandler;0;3;21;0;3;0;0;9;6;0;0;0;0;0;0;0;0;0;0;0
TextHandler;0;1;8;0;1;0;1;7;2;0;0;0;0;0;0;0;0;0;0;0
TextWithIdHandler;0;1;8;0;1;0;0;6;3;0;0;0;0;0;0;0;0;0;0;0
TextWithConverterHandler;0;1;3;0;0;1;0;1;0;0;0;0;0;0;0;0;0;0;0;0
TypeInfoHandler;0;1;4;0;1;0;0;3;1;0;0;0;0;0;0;0;0;0;0;0
TypeSerializerInfoHandler;0;1;4;0;1;0;0;3;1;0;0;0;0;0;0;0;0;0;0;0
XmlnsPropertyHandler;0;9;31;0;10;0;0;8;17;1;3;1;1;0;0;0;0;0;0;0
HandlerMap;0;13;48;0;10;0;0;17;20;1;0;0;0;0;0;0;0;0;0;0
AttributeRewritePass;0;9;43;0;11;0;0;3;22;1;0;0;0;0;0;0;0;0;0;0
ConnectionIdRewritePass;0;45;151;1;51;0;0;3;65;7;1;3;3;0;1;0;2;0;0;0
DocumentRewritePass;0;4;15;0;4;0;0;1;13;0;0;0;0;0;0;0;0;0;0;0
MarkupExtensionRewritePass;0;37;126;0;43;0;0;4;63;13;2;3;3;0;0;0;0;0;0;0
XClassRewritePass;0;8;28;0;9;0;0;2;22;1;0;0;0;0;0;0;0;0;0;0
XamlContext;0;24;135;2;33;0;0;62;57;45;0;1;1;0;0;0;0;0;0;0
XamlDecompiler;0;3;23;0;3;0;0;8;15;0;4;1;1;0;0;0;0;0;0;0
BamlDecompilerOptions;0;1;3;0;0;0;0;2;0;0;0;0;0;0;0;0;0;0;0;0
NamespaceMap;0;1;16;0;1;0;0;2;3;0;0;0;0;0;0;0;0;0;0;0
XamlExtension;0;10;48;0;11;0;0;6;24;1;0;0;0;0;0;0;0;0;0;0
XamlPathDeserializer;0;19;126;0;23;0;0;1;51;15;0;0;0;0;0;0;0;0;0;0
XamlProperty;0;15;51;0;18;0;0;15;19;6;7;4;4;0;0;0;0;0;0;0
XamlResourceKey;0;11;59;0;7;0;0;15;12;3;0;0;0;0;0;0;0;0;0;0
XamlType;0;14;65;8;16;0;0;24;27;3;0;0;0;0;0;0;0;0;0;0
XamlUtils;0;13;43;6;16;0;0;4;19;3;0;0;0;0;0;0;0;0;0;0
XmlnsScope;0;4;15;0;4;1;0;7;2;0;0;0;0;0;0;0;0;0;0;0
XmlnsDictionary;0;16;58;0;23;0;0;7;16;22;0;0;0;0;0;0;0;0;0;0
AssemblyReferenceForILSpy;0;3;18;35;4;0;0;5;6;1;0;0;0;0;0;0;0;0;0;0
NuGetReferenceForILSpy;0;6;26;25;7;0;0;5;7;1;0;0;0;0;0;0;0;0;0;0
ProjectItemForILSpy;0;2;24;29;3;0;0;6;7;1;4;1;1;0;0;0;1;0;0;0
ProjectReferenceForILSpy;0;9;43;24;11;0;0;6;14;1;0;0;0;0;0;0;0;0;0;0
OpenCodeItemCommand;0;31;146;5;37;1;0;7;55;9;2;4;4;0;0;0;1;0;0;0
DetectedReference;0;1;12;0;0;0;0;5;1;0;0;0;0;0;0;0;0;0;0;0
ILSpyCommand;0;13;76;1;18;0;4;11;35;13;1;1;1;0;0;0;0;0;0;0
OpenILSpyCommand;0;1;18;0;2;1;0;5;8;1;0;0;0;0;0;0;0;0;0;0
OpenProjectOutputCommand;0;4;31;0;6;1;0;6;13;1;0;0;0;0;0;0;0;0;0;0
OpenReferenceCommand;0;14;65;9;16;1;0;10;33;1;2;2;2;0;0;0;2;0;0;0
GuidList;0;1;6;0;0;0;0;2;1;0;0;0;0;0;0;0;0;0;0;0
ILSpyParameters;0;1;10;0;0;0;0;7;1;0;0;0;0;0;0;0;0;0;0;0
ILSpyInstance;0;10;72;7;13;0;0;3;25;4;36;2;41;0;1;0;13;0;1;3
Resources;0;2;29;19;0;0;0;2;3;0;0;0;0;0;0;0;0;0;0;0
ILSpyAddInPackage;1;4;75;25;9;1;0;12;36;15;0;0;0;0;0;0;0;0;0;0
PkgCmdIDList;0;1;7;0;0;0;0;5;0;0;0;0;0;0;0;0;0;0;0;0
SyntaxNodeExtensions;0;119;633;8;171;0;0;0;192;920;2;17;17;0;0;0;2;0;2;0
AssemblyFileFinder;0;18;72;12;21;0;0;1;24;4;1;1;1;0;0;0;0;0;0;0
Utils;1;14;68;21;18;0;0;6;24;10;0;0;0;0;0;0;0;0;0;0
